Code,Subcat,Name,Short Descr,Third Level Descr,Mode,Status of Patient,A&D List Cat,Pat Cat Summary,NAS Author,Ipnt Indiv,Ipnt Agency,Opnt Indiv,Opnt Agency,Sponsor,Family Member,Civ Emergency,Deceased Sponsor,OCONUS GMS,Prohibit DEERS,To Valid Patient Categories [Code~Subcat...]
A00,,USA DECEASED SPONSOR,USA DEC SPONSOR,USA DECEASED SPONSOR,,OTHER,OTHER,ACTIVE DUTY,,NC,NC,NC,NC,YES,NO,NO,YES,NO,NO,
A11,1,USA ACTIVE DUTY OFFICER,USA AD (OFF),USA ACTIVE DUTY,,ACTIVE DUTY,ACTIVE DUTY,ACTIVE DUTY,,NC,NC,NC,NC,YES,NO,NO,NO,NO,NO,A24 ~A27 1 ~A27 2~A31 1~A32 1~A33 1~K61 1~K61 2
A11,2,USA ACTIVE DUTY ENLISTED,USA AD (ENL),USA ACTIVE DUTY,,ACTIVE DUTY,ACTIVE DUTY,ACTIVE DUTY,,NC,NC,NC,NC,YES,NO,NO,NO,NO,NO,A24 ~A27 1 ~A27 2~A31 2~A32 2~A33 2~K61 1~K61 2
A12,1,USA AD RES OFFICER,USA AD RES (OFF),USA AD RES,,ACTIVE DUTY,ACTIVE DUTY,ACTIVE DUTY,,NC,NC,NC,NC,YES,NO,NO,NO,NO,NO,A11 1~A12 B~A24 ~A27 1 ~A27 2 ~A31 1~A32 1~A33 1~K61 1~K61 2
A12,2,USA AD RES ENLISTED,USA AD RES (ENL),USA AD RES,,ACTIVE DUTY,ACTIVE DUTY,ACTIVE DUTY,,NC,NC,NC,NC,YES,NO,NO,NO,NO,NO,A11 2~A12 B~A24 ~A27 1 ~A27 2 ~A31 2~A32 2~A33 2~K61 1~K61 2
A12,3,"USA RES-30 DAYS OR LESS, NOT IN LOD","USA RES <30, NOT LOD",USA AD RES,,ACTIVE DUTY,ACTIVE DUTY,ACTIVE DUTY,,FRR,NC,FOR,NC,YES,NO,NO,NO,NO,NO,
A13,,USA AD RECRUIT,USA AD RECRUIT,USA AD RECRUIT,,ACTIVE DUTY,ACTIVE DUTY,ACTIVE DUTY,,NC,NC,NC,NC,YES,NO,NO,NO,NO,NO,A27 1 ~A27 2 ~A31 2~A32 2~A33 2~K61 1~K61 2
A14,,USA CADET,USA CADET,USA CADET,,ACTIVE DUTY,ACTIVE DUTY,ACTIVE DUTY,,NC,NC,NC,NC,YES,NO,NO,NO,NO,NO,A27 1 ~A27 2 ~K61 1~K61 2~K82 3~K82 4~K82 5~K82 6~K91 1
A15,1,USA NG OFFICER,USA NG (OFF),USA NATIONAL GUARD,,ACTIVE DUTY,ACTIVE DUTY,ACTIVE DUTY,,NC,NC,NC,NC,YES,NO,NO,NO,NO,NO,A15 B~A24 ~A27 1 ~A27 2 ~A31 1~A32 1~A33 1~K61 1~K61 2
A15,2,USA NG ENLISTED,USA NG (ENL),USA NATIONAL GUARD,,ACTIVE DUTY,ACTIVE DUTY,ACTIVE DUTY,,NC,NC,NC,NC,YES,NO,NO,NO,NO,NO,A15 B~A24 ~A27 1 ~A27 2 ~A31 2~A32 2~A33 1~K61 1~K61 2
A15,3,"USA NG-30 DAYS OR LESS, NOT IN LOD","USA NG <30, NOT LOD",USA NATIONAL GUARD,,ACTIVE DUTY,ACTIVE DUTY,ACTIVE DUTY,,FRR,NC,FOR,NC,YES,NO,NO,NO,NO,NO,
A21,,USA ROTC,USA ROTC,USA ROTC,,OTHER,OTHER,ACTIVE DUTY,,NC,NC,NC,NC,YES,NO,NO,NO,NO,NO,A11 1~A11 2
A22,1,USA RES INACT DUTY TRG OFFICER,USA RES INACT (OFF),USA RES INACT DUTY TRG,,ACTIVE DUTY,ACTIVE DUTY,ACTIVE DUTY,,NC,NC,NC,NC,YES,NO,NO,NO,NO,NO,A11 1~A12 1~A22 B~A31 1~A32 1~A33 1~K61 1~K61 2
A22,2,USA RES INACT DUTY TRG ENLISTED,USA RES INACT (ENL),USA RES INACT DUTY TRG,,ACTIVE DUTY,ACTIVE DUTY,ACTIVE DUTY,,NC,NC,NC,NC,YES,NO,NO,NO,NO,NO,A11 2~A12 2~A22 B~A31 2~A32 2~A33 2~K61 1~K61 2
A22,3,USA RES INACT DUTY TRG - NOT IN LOD,USA RES INACT NOT LOD,USA RES INACT DUTY TRG,,ACTIVE DUTY,ACTIVE DUTY,ACTIVE DUTY,,FRR,NC,FOR,NC,YES,NO,NO,NO,NO,NO,
A23,1,USA NG INACT DUTY TRG OFF,USA NG INACT (OFF),USA NATL GUARD INACT DUTY TRG,,ACTIVE DUTY,ACTIVE DUTY,ACTIVE DUTY,,NC,NC,NC,NC,YES,NO,NO,NO,NO,NO,A11 1~A12 1~A22 1~A23 B~F11 ~F12 A
A23,2,USA NG INACT DUTY TRG ENL,USA NG INACT (ENL),USA NATL GUARD INACT DUTY TRG,,ACTIVE DUTY,ACTIVE DUTY,ACTIVE DUTY,,NC,NC,NC,NC,YES,NO,NO,NO,NO,NO,A11 2~A12 2~A22 2~A23 B~F11 ~F12 A
A23,3,USA NG INACT DUTY TRG - NOT IN LOD,USA NG INACT NOT LOD,USA NATL GUARD INACT DUTY TRG,,ACTIVE DUTY,ACTIVE DUTY,ACTIVE DUTY,,FRR,NC,FOR,NC,YES,NO,NO,NO,NO,NO,
A24,,USA FRM AD-TAMP,USA FRM AD-TAMP,USA FRM AD-TRANS ASSIST MGMT PRGM,,OTHER,OTHER,ACTIVE DUTY,RETIRED,FMR,NC,NC,NC,YES,NO,NO,NO,NO,NO,
A25,,USA FAM MBR FAD-TAMP,USA FAM MBR FAD-TAMP,USA FAM MBR FAD-TRANS ASSIST MGMT PRGM,,OTHER,OTHER,DEPENDENT/RETIREE,FAM MBR OF RETIRED,FMR,NC,NC,NC,NO,YES,NO,NO,NO,NO,
A26,,USA APPLICANT/REGISTRANT,USA APPLICANT,USA APPLICANT/REGISTRANT,,OTHER,OTHER,ACTIVE DUTY,,NC,NC,NC,NC,YES,NO,NO,NO,NO,YES,
A27,1,USA FRM MEMBER-MATERNITY CARE,USA FRM MBR-MATERNITY,USA FRM MEMBER-MATERNITY CARE,,OTHER,OTHER,ACTIVE DUTY,,FMR,NC,NC,NC,YES,NO,NO,NO,NO,YES,
A27,2,USA SP_OF FRM MBR-MATERNITY CARE,USA SP_FRM MBR-MTRNTY,USA SP_FRM MEMBER-MATERNITY CARE,,OTHER,OTHER,DEPENDENT/RETIREE,,FMR,NC,NC,NC,NO,YES,NO,NO,NO,YES,
A28,1,USA NEWBORN OF FRM SRVC MBR,USA NB FRM MBR,USA NEWBORN OF FRM SERVICE MBR,,OTHER,OTHER,DEPENDENT/RETIREE,,FRR,NC,FOR,NC,NO,YES,NO,NO,NO,YES,
A28,2,USA NB OF FRM SRVC MBR - SEC DES,USA NB FRM MBR_SD,USA NEWBORN OF FRM SERVICE MBR - SEC DES,,OTHER,OTHER,DEPENDENT/RETIREE,,FMR,NC,NC,NC,NO,YES,NO,NO,NO,YES,
A29,1,USA NEWBORN OF SPONSOR'S DAUGHTER,USA NB SPON DAUGHTER,USA NEWBORN OF SPONSOR'S DAUGHTER,DD139,OTHER,OTHER,CIVILIAN,,FRR,NC,FOR,NC,NO,YES,NO,NO,NO,YES,A25 ~A41 ~A43 ~A45 ~A47 
A29,2,USA NEWBORN OF SPON DTR - SEC DES,USA NB SPON DTR_SD,USA NB OF SPON DAUGHTER - SEC DES,DD139,OTHER,OTHER,CIVILIAN,,FMR,NC,NC,NC,NO,YES,NO,NO,NO,YES,A25 ~A41 ~A43 ~A45 ~A47 
A30,1,USA NB OF SPOUSE OF FMR SRVC MBR,USA NB_SP FMR MBR,USA NEWBORN OF SPOUSE OF FMR SRVC MBR,,OTHER,OTHER,DEPENDENT/RETIREE,,FRR,NC,FOR,NC,NO,YES,NO,NO,NO,YES,
A30,2,USA NB OF SP FMR SRVC MBR_SEC DES,USA NB_SP FMR MBR_SD,USA NB OF SP OF FMR SRVC MBR - SEC DES,,OTHER,OTHER,DEPENDENT/RETIREE,,FMR,NC,NC,NC,NO,YES,NO,NO,NO,YES,
A31,1,USA RET LOS OFFICER,USA RET LOS (OFF),USA RET LOS,,RETIRED,RETIRED,DEPENDENT/RETIREE,RETIRED,NC,NC,NC,NC,YES,NO,NO,NO,NO,NO,
A31,2,USA RET LOS ENLISTED,USA RET LOS (ENL),USA RET LOS,,RETIRED,RETIRED,DEPENDENT/RETIREE,RETIRED,NC,NC,NC,NC,YES,NO,NO,NO,NO,NO,
A32,1,USA RET PDRL OFFICER,USA RET PDRL (OFF),USA RET PDRL,,RETIRED,RETIRED,DEPENDENT/RETIREE,RETIRED,NC,NC,NC,NC,YES,NO,NO,NO,NO,NO,
A32,2,USA RET PDRL ENLISTED,USA PDRL (ENL),USA RET PDRL,,RETIRED,RETIRED,DEPENDENT/RETIREE,RETIRED,NC,NC,NC,NC,YES,NO,NO,NO,NO,NO,
A33,1,USA RET TDRL OFFICER,USA TDRL (OFF),USA RET TDRL,,RETIRED,RETIRED,DEPENDENT/RETIREE,RETIRED,NC,NC,NC,NC,YES,NO,NO,NO,NO,NO,A11 1~A12 1~A12 B~A15 1~A15 B~A22 1~A22 B~A23 1~A23 B~A32 1
A33,2,USA RET TDRL ENLISTED,USA RET TDRL (ENL),USA RET TDRL,,RETIRED,RETIRED,DEPENDENT/RETIREE,RETIRED,NC,NC,NC,NC,YES,NO,NO,NO,NO,NO,A11 2~A12 2~A12 B~A15 2~A15 B~A22 2~A22 B~A23 2~A23 B~A32 2
A36,,USA TRICARE RES SEL/RET RES-MBR,USA TRS/TRR-MEMBER,USA TRICARE RES SELECT/ RETIRED RES-MBR,,OTHER,OTHER,ACTIVE DUTY,RETIRED,FMR,NC,NC,NC,YES,NO,NO,NO,NO,NO,A12 1~A12 2~A27 1 ~A27 2 ~A31 2~A32 2~A33 2~K61 1~K61 2
A37,,USA TRICARE RES SEL/RET RES-FAM MBR,USA TRS/TRR-FAM MBR,USA TRICARE RES SELECT/ RET RES-FAM MBR,,OTHER,OTHER,DEPENDENT/RETIREE,FAM MBR OF RETIRED,FMR,NC,NC,NC,NO,YES,NO,NO,NO,NO,A41 ~A43 ~A45 ~A47 
A41,,USA FAM MBR AD,USA FAM MBR AD,USA FAM MBR AD,DD139,FAM MBR OF ACTIVE DUTY,FAMILY MEMBER,DEPENDENT/RETIREE,FAM MBR OF ACTIVE DUTY,FMR,NC,NC,NC,NO,YES,NO,NO,NO,NO,A25 ~K82 1~K82 2~K82 3~K82 4~K82 5~K82 6~K82 7~K82 8~K82 9~K91 1
A43,,USA FAM MBR RET,USA FAM MBR RET,USA FAM MBR RET,DD139,FAM MBR OF RETIRED,FAMILY MEMBER,DEPENDENT/RETIREE,FAM MBR OF RETIRED,FMR,NC,NC,NC,NO,YES,NO,NO,NO,NO,K82 1~K82 2~K82 3~K82 4~K82 5~K82 6~K82 7~K82 8~K82 9~K91 1
A44,,USA FAM MBR TRANSITIONAL COMP,USA FAM MBR TRNS CMP,USA FAM MBR TRANS COMP,,OTHER,OTHER,OTHER,FAM MBR OF RETIRED,NC,NC,NC,NC,NO,YES,NO,NO,NO,NO,
A45,,USA FAM MBR DECEASED AD,USA FAM MBR DEC AD,USA FAM MBR DECEASED AD,,FAM MBR OF RETIRED,FAMILY MEMBER,DEPENDENT/RETIREE,SURVIVOR,FMR,NC,NC,NC,NO,YES,NO,YES,NO,NO,K82 1~K82 2~K82 3~K82 4~K82 5~K82 6~K82 7~K82 8~K82 9~K91 1
A47,,USA FAM MBR DECEASED RETIRED,USA FAM MBR DEC RET,USA FAM MBR DECEASED RETIRED,,FAM MBR OF RETIRED,FAMILY MEMBER,DEPENDENT/RETIREE,SURVIVOR,FMR,NC,NC,NC,NO,YES,NO,YES,NO,NO,K82 1~K82 2~K82 3~K82 4~K82 5~K82 6~K82 7~K82 8~K82 9~K91 1
A48,,USA UNREMARRIED FRM SPOUSE,USA FORMER SPOUSE,USA UNREMARRIED FRM SPOUSE,,OTHER,OTHER,OTHER,FORMER SPOUSE,FMR,NC,NC,NC,YES,NO,NO,NO,NO,NO,K82 1~K82 2~K82 3~K82 4~K82 5~K82 6~K82 7~K82 8~K82 9~K91 1
A49,,USA FAM MBR UNREMAR FRM SPOUSE,USA FAM MBR FRM SP,USA FAM MBR UNREMAR FRM SPOUSE,,OTHER,OTHER,OTHER,FORMER SPOUSE,FMR,NC,NC,NC,YES,NO,NO,NO,NO,NO,K82 1~K82 2~K82 3~K82 4~K82 5~K82 6~K82 7~K82 8~K82 9~K91 1
B00,,NOAA DECEASED SPONSOR,NOAA DEC SPONSOR,NOAA DECEASED SPONSOR,,OTHER,OTHER,ACTIVE DUTY,,NC,NC,NC,NC,YES,NO,NO,YES,NO,NO,
B11,,NOAA ACTIVE DUTY,NOAA AD,NOAA ACTIVE DUTY,DD7/DD7A,ACTIVE DUTY,ACTIVE DUTY,ACTIVE DUTY,,NC,IAR,NC,IOR,YES,NO,NO,NO,NO,NO,B27 1 ~B27 2 ~B31 ~B32 ~B33 ~K61 1~K61 2
B26,,NOAA APPLICANT/REGISTRANT,NOAA APPLICANT,NOAA APPLICANT/REGISTRANT,DD7/DD7A,OTHER,OTHER,ACTIVE DUTY,,NC,IAR,NC,IOR,YES,NO,NO,NO,NO,YES,
B27,1,NOAA FRM MBR-MATERNITY CARE,NOAA FRM MBR-MTRNTY,NOAA FRM MBR-MATERNITY CARE,,OTHER,OTHER,ACTIVE DUTY,,FMR,NC,NC,NC,YES,NO,NO,NO,NO,YES,
B27,2,NOAA SP_ FRM MBR-MATERNITY CARE,NOAA SP_FRM MBR-MTRNY,NOAA SP_FRM MBR-MATERNITY CARE,,OTHER,OTHER,DEPENDENT/RETIREE,,FMR,NC,NC,NC,NO,YES,NO,NO,NO,YES,
B28,1,NOAA NEWBORN OF FRM SRVC MBR,NOAA NB FRM MBR,NOAA NEWBORN OF FRM SRVC MBR,,OTHER,OTHER,DEPENDENT/RETIREE,,FRR,NC,FOR,NC,NO,YES,NO,NO,NO,YES,
B28,2,NOAA NB OF FRM SRVC MBR - SEC DES,NOAA NB FRM MBR_SD,NOAA NB OF FRM SRVC MBR - SEC DES,,OTHER,OTHER,DEPENDENT/RETIREE,,FMR,NC,NC,NC,NO,YES,NO,NO,NO,YES,
B29,1,NOAA NEWBORN OF SPONSOR'S DAUGHTER,NOAA NB SPON DAUGHTER,NOAA NB OF SPONSOR'S DAUGHTER,DD139,OTHER,OTHER,CIVILIAN,,FRR,NC,FOR,NC,NO,YES,NO,NO,NO,YES,B41 ~B43 ~B45 ~B47 
B29,2,NOAA NB OF SPON DAUGHTER - SEC DES,NOAA NB SPON DTR_SD,NOAA NB OF SPONSOR'S DAUGHTER - SEC DES,DD139,OTHER,OTHER,CIVILIAN,,FMR,NC,NC,NC,NO,YES,NO,NO,NO,YES,B41 ~B43 ~B45 ~B47 
B30,1,NOAA NB OF SPOUSE FMR SRVC MBR,NOAA NB_SP FMR MBR,NOAA NB OF SPOUSE OF FMR SRVC MBR,,OTHER,OTHER,DEPENDENT/RETIREE,,FRR,NC,FOR,NC,NO,YES,NO,NO,NO,YES,
B30,2,NOAA NB OF SP FMR SRVC MBR_SEC DES,NOAA NB_SP FMR MBR_SD,NOAA NB OF SP OF FMR SRVC MBR - SEC DES,,OTHER,OTHER,DEPENDENT/RETIREE,,FMR,NC,NC,NC,NO,YES,NO,NO,NO,YES,
B31,,NOAA RET LOS,NOAA RET LOS,NOAA RET LOS,DD7/DD7A,RETIRED,RETIRED,DEPENDENT/RETIREE,RETIRED,NC,IAR,NC,IOR,YES,NO,NO,NO,NO,NO,
B32,,NOAA RET PDRL,NOAA RET PDRL,NOAA RET PDRL,DD7/DD7A,RETIRED,RETIRED,DEPENDENT/RETIREE,RETIRED,NC,IAR,NC,IOR,YES,NO,NO,NO,NO,NO,
B33,,NOAA RET TDRL,NOAA RET TDRL,NOAA RET TDRL,DD7/DD7A,RETIRED,RETIRED,DEPENDENT/RETIREE,RETIRED,NC,IAR,NC,IOR,YES,NO,NO,NO,NO,NO,B11 ~B32 
B41,,NOAA FAM MBR AD,NOAA FAM MBR AD,NOAA FAM MBR AD,DD7/DD7A,FAM MBR OF ACTIVE DUTY,FAMILY MEMBER,DEPENDENT/RETIREE,FAM MBR OF ACTIVE DUTY,NC,IAR,NC,IOR,NO,YES,NO,NO,NO,NO,
B43,,NOAA FAM MBR RET,NOAA FAM MBR RET,NOAA FAM MBR RET,DD7/DD7A,FAM MBR OF RETIRED,FAMILY MEMBER,DEPENDENT/RETIREE,FAM MBR OF RETIRED,NC,IAR,NC,IOR,NO,YES,NO,NO,NO,NO,
B44,,NOAA FAM MBR TRANSITIONAL COMP,NOAA FAM MBR TRNS CMP,NOAA FAM MBR TRANS COMP,,OTHER,OTHER,OTHER,FAM MBR OF RETIRED,NC,NC,NC,NC,NO,YES,NO,NO,NO,NO,
B45,,NOAA FAM MBR DECEASED AD,NOAA FAM MBR DEC AD,NOAA FAM MBR DECEASED AD,DD7/DD7A,FAM MBR OF RETIRED,FAMILY MEMBER,DEPENDENT/RETIREE,SURVIVOR,NC,IAR,NC,IOR,NO,YES,NO,YES,NO,NO,
B47,,NOAA FAM MBR DECEASED RETIRED,NOAA FAM MBR DEC RET,NOAA FAM MBR DECEASED RETIRED,DD7/DD7A,FAM MBR OF RETIRED,FAMILY MEMBER,DEPENDENT/RETIREE,SURVIVOR,NC,IAR,NC,IOR,NO,YES,NO,YES,NO,NO,
B48,,NOAA UNREMARRIED FRM SPOUSE,NOAA FORMER SPOUSE,NOAA UNREMARRIED FRM SPOUSE,DD7/DD7A,OTHER,OTHER,OTHER,FORMER SPOUSE,NC,IAR,NC,IOR,YES,NO,NO,NO,NO,NO,
B49,,NOAA FAM MBR UNREMAR FRM SPOUSE,NOAA FAM MBR FRM SP,NOAA FAM MBR UNREMAR FRM SPOUSE,DD7/DD7A,OTHER,OTHER,OTHER,FORMER SPOUSE,NC,IAR,NC,IOR,YES,NO,NO,NO,NO,NO,
C00,,USCG DECEASED SPONSOR,USCG DEC SPONSOR,USCG DECEASED SPONSOR,,OTHER,OTHER,ACTIVE DUTY,,NC,NC,NC,NC,YES,NO,NO,YES,NO,NO,
C11,,USCG ACTIVE DUTY,USCG AD,USCG ACTIVE DUTY,DD7/DD7A,ACTIVE DUTY,ACTIVE DUTY,ACTIVE DUTY,,NC,IAR,NC,IOR,YES,NO,NO,NO,NO,NO,C24 ~C27 1 ~C27 2 ~C31 ~C32 ~C33 ~K61 1~K61 2
C12,,USCG AD RES,USCG AD RES,USCG AD RES,DD7/DD7A,ACTIVE DUTY,ACTIVE DUTY,ACTIVE DUTY,,NC,IAR,NC,IOR,YES,NO,NO,NO,NO,NO,C24 ~C27 1 ~C27 2 ~C31 ~C32 ~C33 ~K61 1~K61 2
C13,,USCG AD RECRUIT,USCG AD RECRUIT,USCG AD RECRUIT,DD7/DD7A,ACTIVE DUTY,ACTIVE DUTY,ACTIVE DUTY,,NC,IAR,NC,IOR,YES,NO,NO,NO,NO,NO,C27 1 ~C27 2 ~K61 1~K61 2
C14,,USCG ACADEMY CADET,USCG CADET,USCG ACADEMY CADET,DD7/DD7A,ACTIVE DUTY,ACTIVE DUTY,ACTIVE DUTY,,NC,IAR,NC,IOR,YES,NO,NO,NO,NO,NO,C27 1 ~C27 2 ~K61 1~K61 2~K91 1
C22,,USCG RES INACT DUTY TRG,USCG RES INACT,USCG RES INACT DUTY TRG,DD7/DD7A,ACTIVE DUTY,ACTIVE DUTY,ACTIVE DUTY,,NC,IAR,NC,IOR,YES,NO,NO,NO,NO,NO,C12 ~C31 ~C32 ~C33 ~K61 1~K61 2
C24,,USCG FRM AD-TAMP,USCG FRM AD-TAMP,USCG FRM AD-TRANS ASSIST MGMT PRGM,DD7/DD7A,OTHER,OTHER,ACTIVE DUTY,RETIRED,NC,IAR,NC,IOR,YES,NO,NO,NO,NO,NO,
C25,,USCG FAM MBR FAD-TAMP,USCG FAM MBR FAD-TAMP,USCG FAM MBR FAD-TRANS ASSIST MGMT PRGM,DD7/DD7A,OTHER,OTHER,DEPENDENT/RETIREE,FAM MBR OF RETIRED,NC,IAR,NC,IOR,NO,YES,NO,NO,NO,NO,
C26,,USCG APPLICANT/REGISTRANT,USCG APPLICANT,USCG APPLICANT/REGISTRANT,DD7/DD7A,OTHER,OTHER,ACTIVE DUTY,,NC,IAR,NC,IOR,YES,NO,NO,NO,NO,YES,
C27,1,USCG FRM MBR-MATERNITY CARE,USCG FRM MBR-MTRNTY,USCG FRM MEMBER-MATERNITY CARE,DD7/DD7A,OTHER,OTHER,ACTIVE DUTY,,NC,IAR,NC,IOR,YES,NO,NO,NO,NO,YES,
C27,2,USCG SP_FRM MBR-MATERNITY CARE,USCG SP_FRM MBR-MTRNT,USCG SP_FRM MBR-MATERNITY CARE,,OTHER,OTHER,DEPENDENT/RETIREE,,FMR,NC,NC,NC,NO,YES,NO,NO,NO,YES,
C28,1,USCG NEWBORN OF FRM SRVC MBR,USCG NB FRM MBR,USCG NB OF FRM SERVICE MBR,,OTHER,OTHER,DEPENDENT/RETIREE,,FRR,NC,FOR,NC,NO,YES,NO,NO,NO,YES,
C28,2,USCG NB OF FRM SRVC MBR - SEC DES,USCG NB FRM MBR_SD,USCG NB OF FRM SERVICE MBR - SEC DES,,OTHER,OTHER,DEPENDENT/RETIREE,,FMR,NC,NC,NC,NO,YES,NO,NO,NO,YES,
C29,1,USCG NEWBORN OF SPONSOR'S DAUGHTER,USCG NB SPON DAUGHTER,USCG NB OF SPON DAUGHTER,DD139,OTHER,OTHER,CIVILIAN,,FRR,NC,FOR,NC,NO,YES,NO,NO,NO,YES,C25 ~C41 ~C43 ~C45 ~C47 
C29,2,USCG NB OF SPON DAUGHTER - SEC DES,USCG NB SPON DTR_SD,USCG NB OF SPON DAUGHTER - SEC DES,DD139,OTHER,OTHER,CIVILIAN,,FMR,NC,NC,NC,NO,YES,NO,NO,NO,YES,C25 ~C41 ~C43 ~C45 ~C47 
C30,1,USCG NB OF SPOUSE OF FMR SRVC MBR,USCG NB_SP FMR MBR,USCG NB OF SPOUSE OF FMR SRVC MBR,,OTHER,OTHER,DEPENDENT/RETIREE,,FRR,NC,FOR,NC,NO,YES,NO,NO,NO,YES,
C30,2,USCG NB OF SP FMR SRVC MBR_SEC DES,USCG NB_SP FMR MBR_SD,USCG NB OF SP OF FMR SRVC MBR_SEC DES,,OTHER,OTHER,DEPENDENT/RETIREE,,FMR,NC,NC,NC,NO,YES,NO,NO,NO,YES,
C31,,USCG RET LOS,USCG RET LOS,USCG RET LOS,DD7/DD7A,RETIRED,RETIRED,DEPENDENT/RETIREE,RETIRED,NC,IAR,NC,IOR,YES,NO,NO,NO,NO,NO,
C32,,USCG RET PDRL,USCG RET PDRL,USCG RET PDRL,DD7/DD7A,RETIRED,RETIRED,DEPENDENT/RETIREE,RETIRED,NC,IAR,NC,IOR,YES,NO,NO,NO,NO,NO,
C33,,USCG RET TDRL,USCG RET TDRL,USCG RET TDRL,DD7/DD7A,RETIRED,RETIRED,DEPENDENT/RETIREE,RETIRED,NC,IAR,NC,IOR,YES,NO,NO,NO,NO,NO,C11 ~C12 ~C22 ~C32 
C36,,USCG TRICARE RES SEL/RET RES-MBR,USCG TRS/TRR-MEMBER,USCG TRICARE RES SELECT/RET RES MBR,DD7/DD7A,OTHER,OTHER,ACTIVE DUTY,RETIRED,NC,IAR,NC,IOR,YES,NO,NO,NO,NO,NO,C12 ~C27 1 ~C27 2 ~C31 ~C32 ~C33 ~K61 1~K61 2
C37,,USCG TRICARE RES SEL/RET RES-FM MBR,USCG TRS/TRR-FAM MBR,USCG TRICARE RES SELECT/RET RES-FAM MBR,DD7/DD7A,OTHER,OTHER,DEPENDENT/RETIREE,FAM MBR OF RETIRED,NC,IAR,NC,IOR,NO,YES,NO,NO,NO,NO,C41 ~C43 ~C45 ~C47 
C41,,USCG FAM MBR AD,USCG FAM MBR AD,USCG FAM MBR AD,DD7/DD7A,FAM MBR OF ACTIVE DUTY,FAMILY MEMBER,DEPENDENT/RETIREE,FAM MBR OF ACTIVE DUTY,NC,IAR,NC,IOR,NO,YES,NO,NO,NO,NO,C25 
C43,,USCG FAM MBR RET,USCG FAM MBR RET,USCG FAM MBR RET,DD7/DD7A,FAM MBR OF RETIRED,FAMILY MEMBER,DEPENDENT/RETIREE,FAM MBR OF RETIRED,NC,IAR,NC,IOR,NO,YES,NO,NO,NO,NO,
C44,,USCG FAM MBR TRANSITIONAL COMP,USCG FAM MBR TRNS CMP,USCG FAM MBR TRANS COMP,,OTHER,OTHER,OTHER,FAM MBR OF RETIRED,NC,NC,NC,NC,NO,YES,NO,NO,NO,NO,
C45,,USCG FAM MBR DECEASED AD,USCG FAM MBR DEC AD,USCG FAM MBR DECEASED AD,DD7/DD7A,FAM MBR OF RETIRED,FAMILY MEMBER,DEPENDENT/RETIREE,SURVIVOR,NC,IAR,NC,IOR,NO,YES,NO,YES,NO,NO,
C47,,USCG FAM MBR DECEASED RETIRED,USCG FAM MBR DEC RET,USCG FAM MBR DECEASED RETIRED,DD7/DD7A,FAM MBR OF RETIRED,FAMILY MEMBER,DEPENDENT/RETIREE,SURVIVOR,NC,IAR,NC,IOR,NO,YES,NO,YES,NO,NO,
C48,,USCG UNREMARRIED FRM SPOUSE,USCG FORMER SPOUSE,USCG UNREMARRIED FRM SPOUSE,DD7/DD7A,OTHER,OTHER,OTHER,FORMER SPOUSE,NC,IAR,NC,IOR,YES,NO,NO,NO,NO,NO,
C49,,USCG FAM MBR UNREMAR FRM SPOUSE,USCG FAM MBR FRM SP,USCG FAM MBR UNREMAR FRM SPOUSE,DD7/DD7A,OTHER,OTHER,OTHER,FORMER SPOUSE,NC,IAR,NC,IOR,YES,NO,NO,NO,NO,NO,
F00,,USAF DECEASED SPONSOR,USAF DEC SPONSOR,USAF DECEASED SPONSOR,,OTHER,OTHER,ACTIVE DUTY,,NC,NC,NC,NC,YES,NO,NO,YES,NO,NO,
F11,,USAF ACTIVE DUTY,USAF AD,USAF ACTIVE DUTY,,ACTIVE DUTY,ACTIVE DUTY,ACTIVE DUTY,,NC,NC,NC,NC,YES,NO,NO,NO,NO,NO,F24 ~F27 1 ~F27 2 ~F31 1~F31 2~F32 1~F32 2~F33 1~F33 2~K61 1~K61 2
F12,A,USAF AD RES,USAF AD RES,USAF AD RES,,ACTIVE DUTY,ACTIVE DUTY,ACTIVE DUTY,,NC,NC,NC,NC,YES,NO,NO,NO,NO,NO,F12 B~F24 ~F27 1 ~F27 2 ~F31 1~F31 2~F32 1~F32 2~F33 1~F33 2~K61 1~K61 2
F12,B,"USAF RES-30 DAYS OR LESS,NOT IN LOD","USAF RES <30, NOT LOD",USAF AD RES,,ACTIVE DUTY,ACTIVE DUTY,ACTIVE DUTY,,FRR,NC,FOR,NC,YES,NO,NO,NO,NO,NO,
F13,,USAF AD RECRUIT,USAF AD RECRUIT,USAF AD RECRUIT,,ACTIVE DUTY,ACTIVE DUTY,ACTIVE DUTY,,NC,NC,NC,NC,YES,NO,NO,NO,NO,NO,F27 1 ~F27 2 ~F31 2~F32 2~F33 2~K61 1~K61 2
F14,,USAF ACADEMY CADET,USAF CADET,USAF ACADEMY CADET,,ACTIVE DUTY,ACTIVE DUTY,ACTIVE DUTY,,NC,NC,NC,NC,YES,NO,NO,NO,NO,NO,F27 1 ~F27 2 ~K61 1~K61 2~K84 2~K84 3~K84 4~K84 5~K84 6~K91 1
F15,A,USAF NG,USAF NG,USAF NATIONAL GUARD,,ACTIVE DUTY,ACTIVE DUTY,ACTIVE DUTY,,NC,NC,NC,NC,YES,NO,NO,NO,NO,NO,F15 B~F24 ~F27 1 ~F27 2 ~F31 1~F31 2~F32 1~F32 2~F33 1~F33 2~K61 1~K61 2
F15,B,"USAF NG-30 DAYS OR LESS, NOT IN LOD","USAF NG <30, NOT LOD",USAF NATIONAL GUARD,,ACTIVE DUTY,ACTIVE DUTY,ACTIVE DUTY,,FRR,NC,FOR,NC,YES,NO,NO,NO,NO,NO,
F21,,USAF ROTC,USAF ROTC,USAF ROTC,,OTHER,OTHER,ACTIVE DUTY,,NC,NC,NC,NC,YES,NO,NO,NO,NO,NO,F11 
F22,A,USAF RES INACT DUTY TRG,USAF RES INACT,USAF RES INACT DUTY TRG,,ACTIVE DUTY,ACTIVE DUTY,ACTIVE DUTY,,NC,NC,NC,NC,YES,NO,NO,NO,NO,NO,F11 ~F12 A~F22 B~F31 1~F31 2~F32 1~F32 2~F33 1~F33 2~K61 1~K61 2
F22,B,USAF RES INACT DTY TRG - NOT IN LOD,USAF RES INAC NOT LOD,USAF RES INACT DUTY TRG,,ACTIVE DUTY,ACTIVE DUTY,ACTIVE DUTY,,FRR,NC,FOR,NC,YES,NO,NO,NO,NO,NO,
F23,A,USAF NG INACT DUTY TRG,USAF NG INACT,USAF NATL GUARD,,ACTIVE DUTY,ACTIVE DUTY,ACTIVE DUTY,,NC,NC,NC,NC,YES,NO,NO,NO,NO,NO,A11 1~A11 2~A12 1~A12 2~A22 1~A22 2~F11 ~F12 A~F23 B
F23,B,USAF NG INACT DUTY TRG - NOT IN LOD,USAF NG INACT NOT LOD,USAF NATL GUARD,,ACTIVE DUTY,ACTIVE DUTY,ACTIVE DUTY,,FRR,NC,FOR,NC,YES,NO,NO,NO,NO,NO,
F24,,USAF FRM AD-TAMP,USAF FRM AD-TAMP,USAF FRM AD-TRANS ASSIST MGMT PRGM,,OTHER,OTHER,ACTIVE DUTY,RETIRED,FMR,NC,NC,NC,YES,NO,NO,NO,NO,NO,
F25,,USAF FAM MBR FAD-TAMP,USAF FAM MBR FAD-TAMP,USAF FAM MBR FAD-TRANS ASSIST MGMT PRGM,,OTHER,OTHER,DEPENDENT/RETIREE,FAM MBR OF RETIRED,FMR,NC,NC,NC,NO,YES,NO,NO,NO,NO,
F26,,USAF APPLICANT/REGISTRANT,USAF APPLICANT,USAF APPLICANT/REGISTRANT,,OTHER,OTHER,ACTIVE DUTY,,NC,NC,NC,NC,YES,NO,NO,NO,NO,YES,
F27,1,USAF FRM MEMBER-MATERNITY CARE,USAF FRM MBR-MTRNTY,USAF FRM MEMBER-MATERNITY CARE,,OTHER,OTHER,ACTIVE DUTY,,FMR,NC,NC,NC,YES,NO,NO,NO,NO,YES,
F27,2,USAF SP_FRM MBR-MATERNITY CARE,USAF SP_FRM MBR-MTRNT,USAF SP_FRM MBR-MATERNITY CARE,,OTHER,OTHER,DEPENDENT/RETIREE,,FMR,NC,NC,NC,NO,YES,NO,NO,NO,YES,
F28,1,USAF NEWBORN OF FRM SRVC MBR,USAF NB FRM MBR,USAF NEWBORN OF FRM SERVICE MBR,,OTHER,OTHER,DEPENDENT/RETIREE,,FRR,NC,FOR,NC,NO,YES,NO,NO,NO,YES,
F28,2,USAF NB OF FRM SRVC MBR - SEC DES,USAF NB FRM MBR_SD,USAF NB OF FRM SRVC MBR - SEC DES,,OTHER,OTHER,DEPENDENT/RETIREE,,FMR,NC,NC,NC,NO,YES,NO,NO,NO,YES,
F29,1,USAF NEWBORN OF SPONSOR'S DAUGHTER,USAF NB SPON DAUGHTER,USAF NB OF SPONSOR'S DAUGHTER,DD139,OTHER,OTHER,CIVILIAN,,FRR,NC,FOR,NC,NO,YES,NO,NO,NO,YES,F25 ~F41 ~F43 ~F45 ~F47 
F29,2,USAF NB OF SPON DAUGHTER - SEC DES,USAF NB SPON DTR_SD,USAF NB OF SPON DAUGHTER - SEC DES,DD139,OTHER,OTHER,CIVILIAN,,FMR,NC,NC,NC,NO,YES,NO,NO,NO,YES,F25 ~F41 ~F43 ~F45 ~F47 
F30,1,USAF NB OF SPOUSE OF FMR SRVC MBR,USAF NB_SP FMR MBR,USAF NB OF SPOUSE OF FMR SRVC MBR,,OTHER,OTHER,DEPENDENT/RETIREE,,FRR,NC,FOR,NC,NO,YES,NO,NO,NO,YES,
F30,2,USAF NB OF SP FMR SRVC MBR_SEC DES,USAF NB_SP FMR MBR_SD,USAF NB OF SP FMR SRVC MBR - SEC DES,,OTHER,OTHER,DEPENDENT/RETIREE,,FMR,NC,NC,NC,NO,YES,NO,NO,NO,YES,
F31,1,USAF RET LOS OFFICER,USAF RET LOS (OFF),USAF RET LOS,,RETIRED,RETIRED,DEPENDENT/RETIREE,RETIRED,NC,NC,NC,NC,YES,NO,NO,NO,NO,NO,
F31,2,USAF RET LOS ENLISTED,USAF RET LOS (ENL),USAF RET LOS,,RETIRED,RETIRED,DEPENDENT/RETIREE,RETIRED,NC,NC,NC,NC,YES,NO,NO,NO,NO,NO,
F32,1,USAF RET PDRL OFFICER,USAF RET PDRL (OFF),USAF RET PDRL,,RETIRED,RETIRED,DEPENDENT/RETIREE,RETIRED,NC,NC,NC,NC,YES,NO,NO,NO,NO,NO,
F32,2,USAF RET PDRL ENLISTED,USAF RET PDRL (ENL),USAF RET PDRL,,RETIRED,RETIRED,DEPENDENT/RETIREE,RETIRED,NC,NC,NC,NC,YES,NO,NO,NO,NO,NO,
F33,1,USAF RET TDRL OFFICER,USAF RET TDRL (OFF),USAF RET TDRL,,RETIRED,RETIRED,DEPENDENT/RETIREE,RETIRED,NC,NC,NC,NC,YES,NO,NO,NO,NO,NO,F11 ~F12 A~F12 B~F15 A~F15 B~F22 A~F22 B~F23 A~F23 B~F32 1
F33,2,USAF RET TDRL ENLISTED,USAF RET TDRL (ENL),USAF RET TDRL,,RETIRED,RETIRED,DEPENDENT/RETIREE,RETIRED,NC,NC,NC,NC,YES,NO,NO,NO,NO,NO,F11 ~F12 A~F12 B~F15 A~F15 B~F22 A~F22 B~F23 A~F23 B~F32 2
F36,,USAF TRICARE RES SEL/RET RES-MBR,USAF TRS/TRR-MEMBER,USAF TRICARE RES SELECT/RETIRED RES-MBR,,OTHER,OTHER,ACTIVE DUTY,RETIRED,FMR,NC,NC,NC,YES,NO,NO,NO,NO,NO,F12 A~F12 B~F27 1 ~F27 2 ~F31 2~F32 2~F33 2~K61 1~K61 2
F37,,USAF TRICARE RES SEL/RET RES-FM MBR,USAF TRS/TRR-FAM MBR,USAF TRICARE RES SELECT/RET RES-FAM MBR,,OTHER,OTHER,DEPENDENT/RETIREE,FAM MBR OF RETIRED,FMR,NC,NC,NC,NO,YES,NO,NO,NO,NO,F41 ~F43 ~F45 ~F47 
F41,,USAF FAM MBR AD,USAF FAM MBR AD,USAF FAM MBR AD,DD139,FAM MBR OF ACTIVE DUTY,FAMILY MEMBER,DEPENDENT/RETIREE,FAM MBR OF ACTIVE DUTY,FMR,NC,NC,NC,NO,YES,NO,NO,NO,NO,F25 ~K82 1~K82 2~K84 1~K84 2~K84 3~K84 4~K84 5~K84 6~K91 1
F43,,USAF FAM MBR RET,USAF FAM MBR RET,USAF FAM MBR RET,DD139,FAM MBR OF RETIRED,FAMILY MEMBER,DEPENDENT/RETIREE,FAM MBR OF RETIRED,FMR,NC,NC,NC,NO,YES,NO,NO,NO,NO,K82 1~K82 2~K84 1~K84 2~K84 3~K84 4~K84 5~K84 6~K91 1
F44,,USAF FAM MBR TRANSITIONAL COMP,USAF FAM MBR TRNS CMP,USAF FAM MBR TRANS COMP,,OTHER,OTHER,OTHER,FAM MBR OF RETIRED,NC,NC,NC,NC,NO,YES,NO,NO,NO,NO,
F45,,USAF FAM MBR DECEASED AD,USAF FAM MBR DEC AD,USAF FAM MBR DECEASED AD,,FAM MBR OF RETIRED,FAMILY MEMBER,DEPENDENT/RETIREE,SURVIVOR,FMR,NC,NC,NC,NO,YES,NO,YES,NO,NO,K82 1~K82 2~K84 1~K84 2~K84 3~K84 4~K84 5~K84 6~K91 1
F47,,USAF FAM MBR DECEASED RETIRED,USAF FAM MBR DEC RET,USAF FAM MBR DECEASED RETIRED,,FAM MBR OF RETIRED,FAMILY MEMBER,DEPENDENT/RETIREE,SURVIVOR,FMR,NC,NC,NC,NO,YES,NO,YES,NO,NO,K82 1~K82 2~K84 1~K84 2~K84 3~K84 4~K84 5~K84 6~K91 1
F48,,USAF UNREMARRIED FRM SPOUSE,USAF FORMER SPOUSE,USAF UNREMARRIED FRM SPOUSE,,OTHER,OTHER,OTHER,FORMER SPOUSE,FMR,NC,NC,NC,YES,NO,NO,NO,NO,NO,K82 1~K82 2~K84 1~K84 2~K84 3~K84 4~K84 5~K84 6~K91 1
F49,,USAF FAM MBR UNREMAR FRM SPOUSE,USAF FAM MBR FRM SP,USAF FAM MBR UNREMAR FRM SPOUSE,,OTHER,OTHER,OTHER,FORMER SPOUSE,FMR,NC,NC,NC,YES,NO,NO,NO,NO,NO,K82 1~K82 2~K84 1~K84 2~K84 3~K84 4~K84 5~K84 6~K91 1
K00,,OTHER DECEASED SPONSOR,OTHER DEC SPONSOR,OTHER DECEASED SPONSOR,,OTHER,OTHER,CIVILIAN,,NC,NC,NC,NC,YES,NO,NO,YES,NO,NO,
K51,,STATE DEPT EMPLOYEE - OUTSIDE US,STATE DEPT OCONUS,STATE DEPT EMPLOYEE - OUTSIDE US,DD7/DD7A,OTHER,OTHER,CIVILIAN,,NC,IAR,NC,IOR,YES,NO,NO,NO,NO,NO,
K52,,STATE DEPT FAM MBR - OUTSIDE US,STATE DEPT FAM MBR,STATE DEPT FAM MBR - OUTSIDE US,DD7/DD7A,OTHER,OTHER,DEPENDENT/RETIREE,,NC,IAR,NC,IOR,NO,YES,NO,NO,NO,NO,
K53,1,COMMERCE DEPT EMPLOYEE,COMMERCE DEPT EMPL,OTHER FED AGENCY/DEPT EMPLOYEE,DD7/DD7A,OTHER,OTHER,CIVILIAN,,NC,IAR,NC,IOR,YES,NO,NO,NO,NO,NO,
K53,2,DRUG ENFORCEMENT ADMIN EMPL,DEA EMPL,OTHER FED AGENCY/DEPT EMPLOYEE,DD7/DD7A,OTHER,OTHER,CIVILIAN,,NC,IAR,NC,IOR,YES,NO,NO,NO,NO,NO,
K53,3,FAA AIR TRF CONTROLLER PHYS EXAM,FAA PHYS EXAM,OTHER FED AGENCY/DEPT EMPLOYEE,DD7/DD7A,OTHER,OTHER,CIVILIAN,,NC,IAR,NC,FAA,YES,NO,NO,NO,NO,NO,
K53,4,FRGN CLMS SETTLMNT COMM EMPL,FRGN CLMS COMM EMPL,OTHER FED AGENCY/DEPT EMPLOYEE,DD7/DD7A,OTHER,OTHER,CIVILIAN,,NC,IAR,NC,IOR,YES,NO,NO,NO,NO,NO,
K53,5,USIA EMPLOYEE,USIA EMPL,OTHER FED AGENCY/DEPT EMPLOYEE,DD7/DD7A,OTHER,OTHER,CIVILIAN,,NC,IAR,NC,IOR,YES,NO,NO,NO,NO,NO,
K53,6,AGRICULTURAL DEPT EMPLOYEE,AGRICULTURE DEPT EMPL,OTHER FED AGENCY/DEPT EMPLOYEE,DD7/DD7A,OTHER,OTHER,CIVILIAN,,NC,IAR,NC,IOR,YES,NO,NO,NO,NO,NO,
K53,7,INT DEPT EMPLOYEE (SAMOA),INT DEPT EMPL (SAMOA),OTHER FED AGENCY/DEPT EMPLOYEE,,OTHER,OTHER,CIVILIAN,,IAR,NC,IOR,NC,YES,NO,NO,NO,NO,NO,
K53,8,TRANS DEPT EMPLOYEE,TRANS DEPT EMPL,OTHER FED AGENCY/DEPT EMPLOYEE,DD7/DD7A,OTHER,OTHER,CIVILIAN,,NC,IAR,NC,IOR,YES,NO,NO,NO,NO,NO,
K53,9,JUSTICE DEPT EMPLOYEE,JUSTICE DEPT EMPL,OTHER FED AGENCY/DEPT EMPLOYEE,DD7/DD7A,OTHER,OTHER,CIVILIAN,,NC,IAR,NC,IOR,YES,NO,NO,NO,NO,NO,
K53,A,TREASURY DEPT EMPLOYEE (SEC SRVC),TREASURY DEPT EMPL,OTHER FED AGENCY/DEPT EMPLOYEE,DD7/DD7A,OTHER,OTHER,CIVILIAN,,NC,IAR,NC,IOR,YES,NO,NO,NO,NO,NO,
K53,B,HHS DEPT EMPLOYEE,HHS DEPT EMPL,OTHER FED AGENCY/DEPT EMPLOYEE,DD7/DD7A,OTHER,OTHER,CIVILIAN,,NC,IAR,NC,IOR,YES,NO,NO,NO,NO,NO,
K53,C,SECURITY EXC COMM EMPLOYEE,SEC EXCHANGE EMPL,OTHER FED AGENCY/DEPT EMPLOYEE,DD7/DD7A,OTHER,OTHER,CIVILIAN,,NC,IAR,NC,IOR,YES,NO,NO,NO,NO,NO,
K53,D,LIBRARY OF CONGRESS EMPLOYEE,LIBRARY OF CONGRESS,OTHER FED AGENCY/DEPT EMPLOYEE,DD7/DD7A,OTHER,OTHER,CIVILIAN,,NC,IAR,NC,IOR,YES,NO,NO,NO,NO,NO,
K53,E,ENVIRONMENTAL PROT AGNCY EMPL,EPA EMPL,OTHER FED AGENCY/DEPT EMPLOYEE,DD7/DD7A,OTHER,OTHER,CIVILIAN,,NC,IAR,NC,IOR,YES,NO,NO,NO,NO,NO,
K53,F,SOC SECY ADMIN EMPLOYEE,SOC SEC ADMIN EMPL,OTHER FED AGENCY/DEPT EMPLOYEE,DD7/DD7A,OTHER,OTHER,CIVILIAN,,NC,IAR,NC,IOR,YES,NO,NO,NO,NO,NO,
K53,G,GSA EMPLOYEE,GSA EMPL,OTHER FED AGENCY/DEPT EMPLOYEE,DD7/DD7A,OTHER,OTHER,CIVILIAN,,NC,IAR,NC,IOR,YES,NO,NO,NO,NO,NO,
K53,H,DOD CIV EXPED WF DEPLOYED NON-FECA,DOD CEW NON-FECA,OTHER FED AGENCY/DEPT EMPLOYEE,DD7/DD7A,OTHER,OTHER,CIVILIAN,,NC,IAR,NC,IOR,YES,NO,NO,NO,NO,YES,
K53,I,US CIV EMPL AUTH OCC HLTH SERVICES,US CIV EMPL OCC HLTH,OTHER FED AGENCY/DEPT EMPLOYEE,DD7/DD7A,OTHER,OTHER,CIVILIAN,,NC,IAR,NC,IOR,YES,NO,NO,NO,NO,NO,
K53,J,US CUSTOMS SERVICE AGENT,US CUSTOMS SRVC AGENT,OTHER FED AGENCY/DEPT EMPLOYEE,DD7/DD7A,OTHER,OTHER,CIVILIAN,,NC,IAR,NC,IOR,YES,NO,NO,NO,NO,NO,
K53,K,CIV FACULTY U OF HEALTH SCIENCES,CIV FAC USUHS,OTHER FED AGENCY/DEPT EMPLOYEE,,OTHER,OTHER,CIVILIAN,,IAR,NC,IOR,NC,YES,NO,NO,NO,NO,NO,
K53,L,OTR FED AGE CIV EXP WF DEP NON-FECA,OTH AGE CEW NON-FECA,OTHER FED AGENCY/DEPT EMPLOYEE,DD7/DD7A,OTHER,OTHER,CIVILIAN,,NC,IAR,NC,IOR,YES,NO,NO,NO,NO,YES,
K53,M,CIV EMPLOYEE ARMY NATL GUARD,CIV EMPL ARMY NG,OTHER FED AGENCY/DEPT EMPLOYEE,DD7/DD7A,OTHER,OTHER,CIVILIAN,,NC,IAR,NC,IOR,YES,NO,NO,NO,NO,NO,
K53,P,"CIV EMPL/OTH FED AGEN/NON-DOD, NEC",CIV EMPL/OTH NON-DOD,OTHER FED AGENCY/DEPT EMPLOYEE,DD7/DD7A,OTHER,OTHER,CIVILIAN,,NC,IAR,NC,IOR,YES,NO,NO,NO,NO,NO,
K53,Q,CIV SEAMAN MSTS/MSC NON-OCC HLTH,CIV MSTS/MSC NON-OCC,OTHER FED AGENCY/DEPT EMPLOYEE,,OTHER,OTHER,CIVILIAN,,IAR,NC,IOR,NC,YES,NO,NO,NO,NO,YES,
K53,R,FED EMPLOYEE ALCH AND DRUG REHAB,FED EMPL ALCH/DRUG,OTHER FED AGENCY/DEPT EMPLOYEE,,OTHER,OTHER,CIVILIAN,,IAR,NC,FLXO,NC,YES,NO,NO,NO,NO,NO,
K53,S,DOD SCHOOL TEACHER OUTSIDE THE US,DOD TEACHER OCONUS,OTHER FED AGENCY/DEPT EMPLOYEE,,OTHER,OTHER,CIVILIAN,,IAR,NC,IOR,NC,YES,NO,NO,NO,NO,NO,
K53,T,OTHER DOD EMPLOYEE OUTSIDE THE US,OTH DOD EMPL OCONUS,OTHER FED AGENCY/DEPT EMPLOYEE,,OTHER,OTHER,CIVILIAN,,IAR,NC,IOR,NC,YES,NO,NO,NO,NO,NO,
K53,U,SUPERNUMERARIES,SUPERNUMERARIES,OTHER FED AGENCY/DEPT EMPLOYEE,,OTHER,OTHER,CIVILIAN,,IAR,NC,IOR,NC,YES,NO,NO,NO,NO,NO,
K53,V,MEMBERS OF CONGRESS,MEMBERS OF CONGRESS,OTHER FED AGENCY/DEPT EMPLOYEE,,OTHER,OTHER,CIVILIAN,,FRR,NC,FOR,NC,YES,NO,NO,NO,NO,NO,
K53,W,NAF EMPLOYEE OCONUS,NAF EMPL OCONUS,OTHER FED AGENCY/DEPT EMPLOYEE,,OTHER,OTHER,CIVILIAN,,IAR,NC,IOR,NC,YES,NO,NO,NO,NO,NO,
K53,X,EXCHANGE EMPL OCONUS,EXCHANGE EMPL OCONUS,OTHER FED AGENCY/DEPT EMPLOYEE,,OTHER,OTHER,CIVILIAN,,IAR,NC,IOR,NC,YES,NO,NO,NO,NO,NO,
K53,Y,DEPT HOMELAND SECURITY EMPLOYEE,DHS EMPL,OTHER FED AGENCY/DEPT EMPLOYEE,DD7/DD7A,OTHER,OTHER,CIVILIAN,,NC,IAR,NC,IOR,YES,NO,NO,NO,NO,NO,
K53,Z,NAF EMPLOYEE CONUS,NAF EMPL CONUS,OTHER FED AGENCY/DEPT EMPLOYEE,DD7/DD7A,OTHER,OTHER,CIVILIAN,,NC,IAR,NC,IOR,YES,NO,NO,NO,NO,NO,
K54,1,FAM MBR NON-DOD FED AGENCY,FAM MBR NON-DOD FED,OTHER FED AGENCY/DEPT - FAM MBR,DD7/DD7A,OTHER,OTHER,DEPENDENT/RETIREE,,NC,IAR,NC,IOR,NO,YES,NO,NO,NO,NO,
K54,2,"FAM MBR COMM DEPT EMPL, BUR PUB RDS",FAM MBR COMM EMPL BPR,OTHER FED AGENCY/DEPT - FAM MBR,DD7/DD7A,OTHER,OTHER,DEPENDENT/RETIREE,,NC,IAR,NC,IOR,NO,YES,NO,NO,NO,NO,
K54,3,FAM MBR FAA EMPLOYEE,FAM MBR FAA EMPL,OTHER FED AGENCY/DEPT - FAM MBR,DD7/DD7A,OTHER,OTHER,DEPENDENT/RETIREE,,NC,IAR,NC,IOR,NO,YES,NO,NO,NO,YES,
K54,4,FAM MBR FRGN CLM SETLMT COMM EMPL,FAM MBR FRGN CLM COMM,OTHER FED AGENCY/DEPT - FAM MBR,DD7/DD7A,OTHER,OTHER,DEPENDENT/RETIREE,,NC,IAR,NC,IOR,NO,YES,NO,NO,NO,YES,
K54,5,FAM MBR USIA EMPLOYEE,FAM MBR USIA EMPL,OTHER FED AGENCY/DEPT - FAM MBR,DD7/DD7A,OTHER,OTHER,DEPENDENT/RETIREE,,NC,IAR,NC,IOR,NO,YES,NO,NO,NO,YES,
K54,6,FAM MBR DRUG ENFCMNT AGENCY EMPL,FAM MBR DEA EMPL,OTHER FED AGENCY/DEPT - FAM MBR,DD7/DD7A,OTHER,OTHER,DEPENDENT/RETIREE,,NC,IAR,NC,IOR,NO,YES,NO,NO,NO,YES,
K54,7,FAM MBR DEPT INT CIV IN SAMOA,FAM MBR DPT INT SAMOA,OTHER FED AGENCY/DEPT - FAM MBR,,OTHER,OTHER,DEPENDENT/RETIREE,,IAR,NC,IOR,NC,NO,YES,NO,NO,NO,YES,
K54,8,FAM MBR AG DEPT EMPLOYEE,FAM MBR AG DEPT EMPL,OTHER FED AGENCY/DEPT - FAM MBR,DD7/DD7A,OTHER,OTHER,DEPENDENT/RETIREE,,NC,IAR,NC,IOR,NO,YES,NO,NO,NO,YES,
K54,A,FAM MBR FED EMPL ALCH AND DRUG RE,FAM MBR FED ALCH/DRUG,OTHER FED AGENCY/DEPT - FAM MBR,,OTHER,OTHER,DEPENDENT/RETIREE,,IAR,NC,FLXO,NC,NO,YES,NO,NO,NO,NO,
K54,B,FAM MBR DOD SCHL TEACHR OUTSIDE US,FAM MBR DOD TEACHER,OTHER FED AGENCY/DEPT - FAM MBR,,OTHER,OTHER,DEPENDENT/RETIREE,,IAR,NC,IOR,NC,NO,YES,NO,NO,NO,NO,
K54,C,FAM MBR OTHER DOD EMPL OUTSIDE US,FAM MBR OTH DOD EMPL,OTHER FED AGENCY/DEPT - FAM MBR,,OTHER,OTHER,DEPENDENT/RETIREE,,IAR,NC,IOR,NC,NO,YES,NO,NO,NO,NO,
K54,D,FAM MBR NAF EMPL OCONUS,FMBR NAF EMPL OCONUS,OTHER FED AGENCY/DEPT - FAM MBR,,OTHER,OTHER,DEPENDENT/RETIREE,,IAR,NC,IOR,NC,NO,YES,NO,NO,NO,NO,
K54,E,FAM MBR EXCHANGE EMPL OCONUS,FMBR EXCH EMPL OCONUS,OTHER FED AGENCY/DEPT - FAM MBR,,OTHER,OTHER,DEPENDENT/RETIREE,,IAR,NC,IOR,NC,NO,YES,NO,NO,NO,NO,
K54,F,FAM MBR DEPT HOMELAND SECURITY,FAM MBR DHS,OTHER FED AGENCY/DEPT - FAM MBR,DD7/DD7A,OTHER,OTHER,DEPENDENT/RETIREE,,NC,IAR,NC,IOR,NO,YES,NO,NO,NO,YES,
K55,,DOD EMPLOYEE REMOTE AREA IN US,DOD EMPL REMOTE US,DOD EMPLOYEE REMOTE AREA IN US,,OTHER,OTHER,CIVILIAN,,IAR,NC,IOR,NC,YES,NO,NO,NO,NO,YES,
K56,,DOD FAM MBR REMOTE AREA IN US,DOD FAM MBR REMOTE US,DOD FAM MBR REMOTE AREA IN US,,OTHER,OTHER,DEPENDENT/RETIREE,,IAR,NC,IOR,NC,NO,YES,NO,NO,NO,YES,
K57,1,DOD EMPL OCCUPATIONAL HEALTH ,DOD EMPL OCC HEALTH,OCCUPATIONAL HEALTH,,OTHER,OTHER,CIVILIAN,,NC,NC,NC,NC,YES,NO,NO,NO,NO,YES,
K57,2,OTHER FEDERAL AGENCY OCC HEALTH,OTH FED AGE OCC HLTH,OCCUPATIONAL HEALTH,DD7/DD7A,OTHER,OTHER,CIVILIAN,,NC,IAR,NC,IOR,YES,NO,NO,NO,NO,YES,
K57,3,NAF EMPLOYEE OCC HEALTH CONUS,NAF OCC HEALTH CONUS,OCCUPATIONAL HEALTH,DD7/DD7A,OTHER,OTHER,CIVILIAN,,NC,IAR,NC,IOR,YES,NO,NO,NO,NO,YES,
K57,4,NAF EMPLOYEE OCC HEALTH OCONUS,NAF OCC HEALTH OCONUS,OCCUPATIONAL HEALTH,DD7/DD7A,OTHER,OTHER,CIVILIAN,,NC,IAR,NC,IOR,YES,NO,NO,NO,NO,YES,
K57,5,DOD CIV EXP WRKF - OCC HEALTH/OWCP,DOD CEW-OCC HLTH/OWCP,OCCUPATIONAL HEALTH,,OTHER,OTHER,CIVILIAN,,NC,NC,NC,NC,YES,NO,NO,NO,NO,YES,
K57,6,OTH FED AGE CIV EXP WF - OCC HLT,OTH AGE CEW-OCC/OWCP,OCCUPATIONAL HEALTH,DD7/DD7A,OTHER,OTHER,CIVILIAN,,NC,IAR,NC,IOR,YES,NO,NO,NO,NO,YES,
K57,7,UNPAID VOLUNTEER OCC HEALTH - NAVY,VOL OCC HLTH - NAVY,OCCUPATIONAL HEALTH,,OTHER,OTHER,CIVILIAN,,NC,NC,NC,NC,YES,NO,NO,NO,NO,YES,
K57,8,CIV SEAMAN MSTS/MSC OCC HLTH - NAVY,CIV SEA MSTS/MSC ,OCCUPATIONAL HEALTH,,OTHER,OTHER,CIVILIAN,,NC,NC,NC,NC,YES,NO,NO,NO,NO,YES,
K57,9,NAF EMPLOYEE OCC HLTH CONUS - NAVY,NAF OCC HLTH CONUS_N,OCCUPATIONAL HEALTH,DD7/DD7A,OTHER,OTHER,CIVILIAN,,NC,NC,NC,NC,YES,NO,NO,NO,NO,YES,
K57,A,NAF EMPLOYEE OCC HLTH OCONUS - NAVY,NAF OCC HLTH OCONUS_N,OCCUPATIONAL HEALTH,DD7/DD7A,OTHER,OTHER,CIVILIAN,,NC,NC,NC,NC,YES,NO,NO,NO,NO,YES,
K58,1,DISABILITY RET EXAM-DOD SPON,DISABIL RET EXAM DOD,DISABILITY RETIREMENT EXAM,,OTHER,OTHER,DEPENDENT/RETIREE,,NC,NC,NC,NC,YES,NO,NO,NO,NO,NO,
K58,2,DISABILITY RET EXAM - NON-DOD SPON,DISABIL RET NON-DOD,DISABILITY RETIREMENT EXAM,DD7/DD7A,OTHER,OTHER,DEPENDENT/RETIREE,,NC,IAR,NC,IOR,YES,NO,NO,NO,NO,NO,
K59,2,FED GOVT EMPLOYEE IN REMOTE AREAS,FED EMPL REMOTE,OTHER US CIVILIAN EMPL/FAM MBR,DD7/DD7A,OTHER,OTHER,CIVILIAN,,NC,IAR,NC,IOR,YES,NO,NO,NO,NO,NO,
K59,3,FAM MBR FED EMPL IN REMOTE AREA US,FAM MBR FED REMOTE,OTHER US CIVILIAN EMPL/FAM MBR,DD7/DD7A,OTHER,OTHER,DEPENDENT/RETIREE,,NC,IAR,NC,IOR,NO,YES,NO,NO,NO,NO,
K61,1,VETERANS ADMIN BENEFICIARY,VETERANS ADMIN BENE,VETERANS AFFAIRS,DD7/DD7A,OTHER,OTHER,VA BENEFICIARIES,,NC,IAR,NC,IOR,YES,NO,NO,NO,NO,YES,
K61,2,DOD/VA SHARING AGREEMENT,DOD/VA SHARING,VETERANS AFFAIRS,DD7/DD7A,OTHER,OTHER,VA BENEFICIARIES,,NC,FLEX,NC,FLXO,YES,NO,NO,NO,NO,YES,
K61,3,AID & ATTENDANCE,AID & ATTENDANCE,VETERANS AFFAIRS,DD7/DD7A,OTHER,OTHER,VA BENEFICIARIES,,NC,FLEX,NC,FLXO,YES,NO,NO,NO,NO,YES,
K61,4,ALLIED VETERAN,ALLIED VETERAN,VETERANS AFFAIRS,DD7/DD7A,OTHER,OTHER,VA BENEFICIARIES,,NC,FLEX,NC,FLXO,YES,NO,NO,NO,NO,YES,
K61,5,CATASTROPHICALLY DISABLED,CAT DISABLED,VETERANS AFFAIRS,DD7/DD7A,OTHER,OTHER,VA BENEFICIARIES,,NC,FLEX,NC,FLXO,YES,NO,NO,NO,NO,YES,
K61,6,DOMILICILARY (DOM) PATIENT,DOM. PATIENT,VETERANS AFFAIRS,DD7/DD7A,OTHER,OTHER,VA BENEFICIARIES,,NC,FLEX,NC,FLXO,YES,NO,NO,NO,NO,YES,
K61,7,HOUSEBOUND,HOUSEBOUND,VETERANS AFFAIRS,DD7/DD7A,OTHER,OTHER,VA BENEFICIARIES,,NC,FLEX,NC,FLXO,YES,NO,NO,NO,NO,YES,
K61,8,NON-SERVICE CONNECTED,NON-SERVICE CONNECTED,VETERANS AFFAIRS,DD7/DD7A,OTHER,OTHER,VA BENEFICIARIES,,NC,FLEX,NC,FLXO,YES,NO,NO,NO,NO,YES,
K61,9,"NON-SERVICE CONNECTED, VA PENS","NON-SER CONN, VA PENS",VETERANS AFFAIRS,DD7/DD7A,OTHER,OTHER,VA BENEFICIARIES,,NC,FLEX,NC,FLXO,YES,NO,NO,NO,NO,YES,
K61,A,PRISONER OF WAR,PRISONER OF WAR,VETERANS AFFAIRS,DD7/DD7A,OTHER,OTHER,VA BENEFICIARIES,,NC,FLEX,NC,FLXO,YES,NO,NO,NO,NO,YES,
K61,B,PURPLE HEART RECIPIENT,PURPLE HEART RECIP,VETERANS AFFAIRS,DD7/DD7A,OTHER,OTHER,VA BENEFICIARIES,,NC,FLEX,NC,FLXO,YES,NO,NO,NO,NO,YES,
K61,C,SERVICE CONNECTED LESS THAN 50%,SER CONNECTED <50%,VETERANS AFFAIRS,DD7/DD7A,OTHER,OTHER,VA BENEFICIARIES,,NC,FLEX,NC,FLXO,YES,NO,NO,NO,NO,YES,
K61,D,SERVICE CONNECTED 50% to 100%,SER CONN 50% to 100%,VETERANS AFFAIRS,DD7/DD7A,OTHER,OTHER,VA BENEFICIARIES,,NC,FLEX,NC,FLXO,YES,NO,NO,NO,NO,YES,
K61,E,AD INTEG DISABILITY EVAL SYS MBR,AD IDES EXAM,VETERANS AFFAIRS,DD7/DD7A,ACTIVE DUTY,ACTIVE DUTY,VA BENEFICIARIES,,NC,FLEX,NC,FLXO,YES,NO,NO,NO,NO,YES,
K62,1,"WC-DOD BENE, NON-FED EMPL","WC-DOD, NON-FED EMPL",WORKERS COMPENSATION,,OTHER,OTHER,OTHER,,FRR,NC,FOR,NC,YES,NO,NO,NO,NO,YES,
K62,2,"WC-CIV, FED EMPL","WC-CIV, FED EMPL",WORKERS COMPENSATION,DD7/DD7A,OTHER,OTHER,OTHER,,NC,IAR,NC,IOR,YES,NO,YES,NO,NO,YES,
K62,3,"WC-DOD BENE, FED EMPL","WC-DOD BENE, FED EMPL",WORKERS COMPENSATION,DD7/DD7A,OTHER,OTHER,OTHER,,NC,IAR,NC,IOR,YES,NO,NO,NO,NO,YES,
K62,4,"WC-DOD BENE, DOD EMPL","WC-DOD BENE, DOD EMPL",WORKERS COMPENSATION,,OTHER,OTHER,OTHER,,NC,NC,NC,NC,YES,NO,NO,NO,NO,YES,
K62,5,"WC-CIV, DOD EMPL","WC-CIV, DOD EMPL",WORKERS COMPENSATION,,OTHER,OTHER,OTHER,,NC,NC,NC,NC,YES,NO,YES,NO,NO,YES,
K62,6,"WC-CIV, NON-FED EMPL","WC-CIV, NON-FED EMPL",WORKERS COMPENSATION,,OTHER,OTHER,OTHER,,FRR,NC,FOR,NC,YES,NO,YES,NO,NO,YES,
K62,7,"WC-CIV, NAF EMPLOYEE CONUS","WC-CIV, NAF CONUS",WORKERS COMPENSATION,DD7/DD7A,OTHER,OTHER,OTHER,,NC,IAR,NC,IOR,YES,NO,YES,NO,NO,YES,
K62,8,"WC-CIV, NAF EMPLOYEE OCONUS","WC-CIV, NAF OCONUS",WORKERS COMPENSATION,DD7/DD7A,OTHER,OTHER,OTHER,,NC,IAR,NC,IOR,YES,NO,YES,NO,NO,YES,
K63,,SERVICE HOME - OTHER THAN MIL RET,SERVICE HOME,SERVICE HOME - OTHER THAN MIL RET,DD7/DD7A,OTHER,OTHER,DEPENDENT/RETIREE,,NC,FSR,NC,NC,YES,NO,NO,NO,NO,YES,
K64,2,OTHER FEDERAL AGENCY/DEPT,OTH FED AGENCY/DEPT,OTHER FED AGENCY/DEPT,DD7/DD7A,OTHER,OTHER,CIVILIAN,,NC,IAR,NC,IOR,YES,NO,NO,NO,NO,YES,
K65,2,CONTRACT EMPLOYEE AND FAM MBR,CONTRACT EMPL/FAM MBR,CONTRACT EMPLOYEE,,OTHER,OTHER,CIVILIAN,,FRR,NC,FOR,NC,YES,YES,YES,NO,NO,YES,
K65,3,US CIV EMPL OF CONTRACTOR-PHYS EXM,US CIV CONT PHYS EXAM,CONTRACT EMPLOYEE,,OTHER,OTHER,CIVILIAN,,FRR,NC,FOR,NC,YES,YES,YES,NO,NO,YES,
K66,1,INTERNEES/RETAINED PERSONNEL,INTERNEE/RETAIN PERS,FEDERAL PRISONER,,OTHER,OTHER,OTHER,,NC,NC,NC,NC,YES,NO,NO,NO,NO,YES,
K66,2,PRISONER HOSP AFTER SENTENCE EXP,PRISONER SENT EXP,FEDERAL PRISONER,,OTHER,OTHER,OTHER,,FRR,NC,FOR,NC,YES,NO,NO,NO,NO,YES,
K66,3,"PUNITIVE DISCHG EXC, SENT NOT EXP",PUNITIVE DISCHARGE,FEDERAL PRISONER,,OTHER,OTHER,OTHER,,NC,NC,NC,NC,YES,NO,NO,NO,NO,YES,
K66,4,NON-MIL FED PRIS-EMERGENCY ONLY,NON-MIL FED PRIS,FEDERAL PRISONER,DD7/DD7A,OTHER,OTHER,OTHER,,NC,IAR,NC,IOR,YES,NO,NO,NO,NO,YES,
K66,5,PERSONS IN MIL CUSTODY,PERSONS IN MIL CUST,FEDERAL PRISONER,,OTHER,OTHER,OTHER,,NC,NC,NC,NC,YES,NO,NO,NO,NO,YES,
K66,6,NON-MIL FED PRIS-BILATERAL AGR,NON-MIL FED PRIS,FEDERAL PRISONER,DD7/DD7A,OTHER,OTHER,OTHER,,NC,IAR,NC,IOR,YES,NO,NO,NO,NO,YES,
K67,,"AMERICAN INDIAN, ALEUT, ESKIMO",USPHS BENEFICIARY,"AMERICAN INDIAN, ALEUT, ESKIMO",DD7/DD7A,OTHER,OTHER,OTHER,,NC,IAR,NC,IOR,YES,NO,NO,NO,NO,YES,
K68,1,PAC ISLAND NAT: AMERICAN SAMOA,PIN AM SAMOA,"MICRONESIAN, SAMOAN, PAC ISL NATION",DD7/DD7A,OTHER,OTHER,OTHER,,NC,IAR,NC,IOR,YES,NO,NO,NO,NO,YES,
K68,2,PAC ISLAND NAT: COMM N MARIANA IS,PIN MARIANNA,"MICRONESIAN, SAMOAN, PAC ISL NATION",DD7/DD7A,OTHER,OTHER,OTHER,,NC,IAR,NC,IOR,YES,NO,NO,NO,NO,YES,
K68,3,PAC ISLAND NAT: KOSRAE,PIN KOSRAE,"MICRONESIAN, SAMOAN, PAC ISL NATION",DD7/DD7A,OTHER,OTHER,OTHER,,NC,IAR,NC,IOR,YES,NO,NO,NO,NO,YES,
K68,4,PAC ISLAND NAT: MARSHALL ISLANDS,PIN MARSHALL IS,"MICRONESIAN, SAMOAN, PAC ISL NATION",DD7/DD7A,OTHER,OTHER,OTHER,,NC,IAR,NC,IOR,YES,NO,NO,NO,NO,YES,
K68,5,PAC ISLAND NAT: PALAU,PIN PALAU,"MICRONESIAN, SAMOAN, PAC ISL NATION",DD7/DD7A,OTHER,OTHER,OTHER,,NC,IAR,NC,IOR,YES,NO,NO,NO,NO,YES,
K68,6,PAC ISLAND NAT: PONAPE,PIN PONAPE,"MICRONESIAN, SAMOAN, PAC ISL NATION",DD7/DD7A,OTHER,OTHER,OTHER,,NC,IAR,NC,IOR,YES,NO,NO,NO,NO,YES,
K68,7,PAC ISLAND NAT: TRUK,PIN TRUK,"MICRONESIAN, SAMOAN, PAC ISL NATION",DD7/DD7A,OTHER,OTHER,OTHER,,NC,IAR,NC,IOR,YES,NO,NO,NO,NO,YES,
K68,8,PAC ISLAND NAT: YAP,PIN YAP,"MICRONESIAN, SAMOAN, PAC ISL NATION",DD7/DD7A,OTHER,OTHER,OTHER,,NC,IAR,NC,IOR,YES,NO,NO,NO,NO,YES,
K68,9,PAC ISLAND NAT: SAIPAN,PIN SAIPAN,"MICRONESIAN, SAMOAN, PAC ISL NATION",DD7/DD7A,OTHER,OTHER,OTHER,,NC,IAR,NC,IOR,YES,NO,NO,NO,NO,YES,
K69,1,PEACE CORPS APPL - PHYSICAL EXAM,PEACE CORPS PHYS EXAM,OTHER US GOVT BENEFICIARY,DD7/DD7A,OTHER,OTHER,CIVILIAN,,NC,IAR,NC,IOR,YES,NO,NO,NO,NO,YES,
K69,2,MERCHANT MARINE ACAD APPLICANT,APPL MERCHANT MARINE,OTHER US GOVT BENEFICIARY,DD7/DD7A,OTHER,OTHER,CIVILIAN,,NC,IAR,NC,IOR,YES,NO,NO,NO,NO,YES,
K69,4,SEC SERVICE PROTECTOR/PROTECTEE,SEC SRVC PROTECTOR/EE,OTHER US GOVT BENEFICIARY,DD7/DD7A,OTHER,OTHER,CIVILIAN,,NC,IAR,NC,IOR,YES,NO,NO,NO,NO,YES,
K69,6,"US CIV SEAMAN, NOT MSTS/MSC",CIV SEAMAN,OTHER US GOVT BENEFICIARY,,OTHER,OTHER,CIVILIAN,,FRR,NC,FOR,NC,YES,NO,NO,NO,NO,YES,
K69,9,US BENEF OF PRIV RLF ACTS OF CONG,US BENE PRIV RLF CONG,OTHER US GOVT BENEFICIARY,,OTHER,OTHER,OTHER,,NC,NC,NC,NC,YES,NO,NO,NO,NO,YES,
K69,A,JOB CORP BENEF/VISTA PERSONNEL,JOB CORPS/VISTA PERS,OTHER US GOVT BENEFICIARY,DD7/DD7A,OTHER,OTHER,OTHER,,NC,IAR,NC,IOR,YES,NO,NO,NO,NO,YES,
K69,B,JOB CORPS/VISTA APPL-PHYS EXAM,JOB CORPS/VISTA APPL,OTHER US GOVT BENEFICIARY,DD7/DD7A,OTHER,OTHER,CIVILIAN,,NC,IAR,NC,IOR,YES,NO,NO,NO,NO,YES,
K69,C,US REPTRTED POW SEP AD BUT NOT RET,US REPTRTED POW,OTHER US GOVT BENEFICIARY,,OTHER,OTHER,OTHER,,NC,NC,NC,NC,YES,NO,NO,NO,NO,YES,
K69,E,FAM MBR US CIV RTN POW-FRM SRVC MBR,FAM MBR US CIV POW,OTHER US GOVT BENEFICIARY,,OTHER,OTHER,OTHER,,FMR,NC,NC,NC,NO,YES,NO,NO,NO,YES,
K69,F,RED CROSS EMPLOYEE OUTSIDE US,RED CROSS EMPL OCONUS,OTHER US GOVT BENEFICIARY,,OTHER,OTHER,RED CROSS,,SR,NC,NC,NC,YES,NO,NO,NO,NO,YES,
K69,G,USO PERS AND FAM MBR OUTSIDE US,USO OCONUS,OTHER US GOVT BENEFICIARY,,OTHER,OTHER,CIVILIAN,,FMR,NC,NC,NC,NO,YES,NO,NO,NO,YES,
K69,H,"PEACE CORP VOL,VOL LDR AND EMPL",PEACE CORPS VOL,OTHER US GOVT BENEFICIARY,DD7/DD7A,OTHER,OTHER,CIVILIAN,,NC,IAR,NC,IOR,YES,NO,NO,NO,NO,YES,
K69,I,MBR OF AUX SRVC-GOVT DIR MISSION,MBR OF AUX SRVC-GOVT,OTHER US GOVT BENEFICIARY,,OTHER,OTHER,OTHER,,NC,NC,NC,NC,YES,NO,NO,NO,NO,YES,
K69,J,MBR OF AUX SRVC-ORG DIR MISSION,MBR OF AUX SRVC-ORG,OTHER US GOVT BENEFICIARY,,OTHER,OTHER,OTHER,,SR,NC,NC,NC,YES,NO,NO,NO,NO,YES,
K69,K,WELFARE WRKR/VOL/STUDENT NURSE,VOLUNTEERS,OTHER US GOVT BENEFICIARY,,OTHER,OTHER,CIVILIAN,,SR,NC,NC,NC,YES,NO,NO,NO,NO,YES,
K69,L,USCG AUXILIARY PERSONNEL,USCG AUX PERSONNEL,OTHER US GOVT BENEFICIARY,,OTHER,OTHER,COAST GUARD,,NC,NC,NC,NC,YES,NO,NO,NO,NO,YES,
K69,M,FRM MBR CITIZEN OF MIL TRG CORPS,CITIZEN MIL TRG CORPS,OTHER US GOVT BENEFICIARY,,OTHER,OTHER,OTHER,,SR,NC,NC,NC,YES,NO,NO,NO,NO,YES,
K69,N,YTH GRP EMRG-MIL SPON-DOD INSTL,YTH GRP EMRG,OTHER US GOVT BENEFICIARY,,OTHER,OTHER,OTHER,,SR,NC,NC,NC,YES,NO,NO,NO,NO,YES,
K69,O,USO CELEBS OUTSIDE US - EMRG,USO CELEBS EMRG,OTHER US GOVT BENEFICIARY,,OTHER,OTHER,CIVILIAN,,SR,NC,NC,NC,NO,YES,NO,NO,NO,YES,
K69,S,FAM MBR RED CROSS EMPL OUTSIDE US,FAM MBR RED CROSS,OTHER US GOVT BENEFICIARY,,OTHER,OTHER,DEPENDENT/RETIREE,,FMR,NC,NC,NC,NO,YES,YES,NO,NO,YES,
K69,T,PROF EDCT/NEWS AND OIL CO/AUT CARE,PROF EDUCTR/NEWS OIL,OTHER US GOVT BENEFICIARY,,OTHER,OTHER,OTHER,,FRR,NC,FOR,NC,YES,NO,NO,NO,NO,YES,
K69,U,CIVILIAN CREW OF NOAA VESSELS,CIV CREW NOAA,OTHER US GOVT BENEFICIARY,DD7/DD7A,OTHER,OTHER,CIVILIAN,,NC,IAR,NC,IOR,YES,NO,NO,NO,NO,YES,
K71,A,IMET NATO,IMET NATO,FOREIGN NATIONAL - IMET SALES,DD7/DD7A,OTHER,OTHER,NATO FOR NATL,,NC,IMET,NC,NC,YES,NO,NO,NO,NO,NO,
K71,B,IMET NATO CIVILIAN,IMET NATO CIV,FOREIGN NATIONAL - IMET SALES,DD7/DD7A,OTHER,OTHER,NATO FOR NATL,,NC,IMET,NC,IMO,YES,NO,NO,NO,NO,NO,
K71,C,IMET NON-NATO MILITARY/CIVILIAN,IMET NON-NATO MIL,FOREIGN NATIONAL - IMET SALES,DD7/DD7A,OTHER,OTHER,NON-NATO FOR NATL,,NC,IMET,NC,IMO,YES,NO,NO,NO,NO,NO,
K71,E,FMS NATO - ITO INDIVIDUAL,FMS NATO ITO IND,FOREIGN NATIONAL - IMET SALES,,OTHER,OTHER,NATO FOR NATL,,FRR,NC,NC,NC,YES,NO,NO,NO,NO,NO,
K71,F,FMS NATO - ITO AGENCY,FMS NATO ITO AGN,FOREIGN NATIONAL - IMET SALES,DD7/DD7A,OTHER,OTHER,NATO FOR NATL,,NC,FRR,NC,NC,YES,NO,NO,NO,NO,NO,
K71,G,FMS NATO CIVILIAN - ITO INDIVIDUAL,FMS NATO CIV IND,FOREIGN NATIONAL - IMET SALES,,OTHER,OTHER,NATO FOR NATL,,FRR,NC,FOR,NC,YES,NO,NO,NO,NO,NO,
K71,H,FMS NATO CIVILIAN - ITO AGENCY,FMS NATO CIV AGN,FOREIGN NATIONAL - IMET SALES,DD7/DD7A,OTHER,OTHER,NATO FOR NATL,,NC,FRR,NC,FOR,YES,NO,NO,NO,NO,NO,
K71,I,FMS NON-NATO MIL/CIV - ITO IND,FMS NON-NATO IND,FOREIGN NATIONAL - IMET SALES,,OTHER,OTHER,NON-NATO FOR NATL,,FRR,NC,FOR,NC,YES,NO,NO,NO,NO,NO,
K71,J,FMS NON-NATO MIL/CIV - ITO AGENCY,FMS NON-NATO AGN,FOREIGN NATIONAL - IMET SALES,DD7/DD7A,OTHER,OTHER,NON-NATO FOR NATL,,NC,FRR,NC,FOR,YES,NO,NO,NO,NO,NO,
K72,A,NATO MILITARY-CONUS,NATO MILITARY-CONUS,NATO MILITARY,,OTHER,OTHER,NATO FOR NATL,,FRR,NC,NC,NC,YES,NO,NO,NO,NO,NO,
K72,B,NATO MILITARY-OCONUS,NATO MILITARY-OCONUS,NATO MILITARY,,OTHER,OTHER,NATO FOR NATL,,FRR,NC,FOR,NC,YES,NO,NO,NO,NO,NO,
K72,C,NATO MILITARY-OCONUS (CC-SHP),NATO MIL-OCONUS_CCSHP,NATO MILITARY (CC-SHP),,OTHER,OTHER,NATO FOR NATL,,FLEX,NC,FLXO,NC,YES,NO,NO,NO,NO,NO,
K73,A,NATO FAM MBR IMET/FMS - ITO IND,NATO FAM MBR IMET/FMS,NATO FAMILY MEMBER,,OTHER,OTHER,NATO FOR NATL,,FRR,NC,NC,NC,NO,YES,NO,NO,NO,NO,
K73,B,NATO FAM MBR IMET/FMS - ITO AGENCY,NATO FAM MBR IMET/FMS,NATO FAMILY MEMBER,DD7/DD7A,OTHER,OTHER,NATO FOR NATL,,NC,FRR,NC,NC,NO,YES,NO,NO,NO,NO,
K73,C,NATO FAM MBR-CONUS,NATO FAM MBR-CONUS,NATO FAMILY MEMBER,,OTHER,OTHER,NATO FOR NATL,,FRR,NC,NC,NC,NO,YES,NO,NO,NO,NO,
K73,D,NATO FAM MBR-OCONUS,NATO FAM MBR-OCONUS,NATO FAMILY MEMBER,,OTHER,OTHER,NATO FOR NATL,,FRR,NC,FOR,NC,NO,YES,NO,NO,NO,NO,
K73,E,NATO FAM MBR-OCONUS (CC-SHP),NATO FM-OCONUS_CCSHP,NATO FAMILY MEMBER (CC-SHP),,OTHER,OTHER,NATO FOR NATL,,FLEX,NC,FLXO,NC,NO,YES,NO,NO,NO,NO,
K74,1,KATUSA,KATUSA,NON-NATO MILITARY,,OTHER,OTHER,NON-NATO FOR NATL,,NC,NC,NC,NC,YES,NO,NO,NO,NO,NO,
K74,2,OTHER NON-NATO MILITARY,OTH NON-NATO MIL,NON-NATO MILITARY,,OTHER,OTHER,NON-NATO FOR NATL,,FLEX,NC,FOR,NC,YES,NO,NO,NO,NO,NO,
K74,3,OTHER NON-NATO MILITARY (CC-SHP),OTH NONNATO MIL_CCSHP,NON-NATO MILITARY(CC-SHP),,OTHER,OTHER,NON-NATO FOR NATL,,FLEX,NC,FLXO,NC,YES,NO,NO,NO,NO,NO,
K75,A,NON-NATO FAM MBR IMET/FMS - ITO IND,NON-NATO FAM MBR IMET,NON-NATO FAMILY MEMBER,,OTHER,OTHER,NON-NATO FOR NATL,,FLEX,NC,FOR,NC,NO,YES,YES,NO,NO,NO,
K75,B,NON-NATO FAM MBR IMET/FMS - ITO AGN,NON-NATO FAM MBR IMET,NON-NATO FAMILY MEMBER,DD7/DD7A,OTHER,OTHER,NON-NATO FOR NATL,,NC,FLEX,NC,FOR,NO,YES,YES,NO,NO,NO,
K75,C,NON-NATO FAM MBR OF OTH MILITARY,NON-NATO FAM MBR OTH,NON-NATO FAMILY MEMBER,,OTHER,OTHER,NON-NATO FOR NATL,,FLEX,NC,FOR,NC,NO,YES,YES,NO,NO,NO,
K75,D,NON-NATO FAM MBR OF OTH MIL(CC-SHP),NON-NATO FM OTH CCSHP,NON-NATO FAMILY MEMBER (CC-SHP),,OTHER,OTHER,NON-NATO FOR NATL,,FLEX,NC,FLXO,NC,NO,YES,YES,NO,NO,NO,
K76,A,FOREIGN CIVILIAN,FOREIGN CIVILIAN,FOREIGN CIVILIAN,,OTHER,OTHER,NON-NATO FOR NATL,,FRR,NC,FOR,NC,YES,NO,NO,NO,NO,YES,
K76,B,FOREIGN CIVILIAN EMPLOYEE (CC-SHP),FRGN CIV EMPL(CC-SHP),FOREIGN CIVILIAN EMPL(CC-SHP),,OTHER,OTHER,CIVILIAN,,FLEX,NC,FLXO,NC,YES,NO,NO,NO,NO,NO,
K76,C,GUANTANAMO BAY,GUANTANAMO BAY,FOREIGN CIVILIAN,,OTHER,OTHER,NON-NATO FOR NATL,,GBI,NC,GBO,NC,YES,NO,NO,NO,NO,YES,
K76,D,FOREIGN CIVILIAN FAM MBR (CC-SHP),FRGN CIV FM (CC-SHP),FOREIGN CIVILIAN FAM MBR (CC-SHP),,OTHER,OTHER,CIVILIAN,,FLEX,NC,FLXO,NC,NO,YES,NO,NO,NO,NO,
K78,,FOREIGN NATIONAL - POW/INTERNEE,FRGN NAT POW/INTERNEE,FOREIGN NATIONAL - POW/INTERNEE,,OTHER,OTHER,NON-NATO FOR NATL,,NC,NC,NC,NC,YES,NO,NO,NO,NO,NO,
K79,A,US CIVILIAN EMPLOYEE (CC-SHP),US CIV EMPL (CC-SHP),US CIVILIAN EMPL (CC-SHP),,OTHER,OTHER,CIVILIAN,,FLEX,NC,FLXO,NC,YES,NO,NO,NO,NO,NO,
K79,B,US CIVILIAN EMPL FAM MBR (CC-SHP),CIV EMPL_FM (CC-SHP),US CIVILIAN EMPL FAM MBR (CC-SHP),,OTHER,OTHER,CIVILIAN,,FLEX,NC,FLXO,NC,NO,YES,NO,NO,NO,NO,
K79,C,DOMESTIC EMPLOYEE OUTSIDE THE US,DOMESTIC EMPL OCONUS,OTHER FRGN NATLS/FAM MBR,,OTHER,OTHER,NATO FOR NATL,,FLEX,NC,NC,NC,YES,NO,NO,NO,NO,NO,
K80,,NATO COALITION FORCES (OCONUS),NATO COALITION FORCES,NATO COALITION FORCES MIL AND CIV,,OTHER,OTHER,NATO FOR NATL,,NC,FLEX,NC,FLXO,YES,NO,NO,NO,YES,YES,
K81,,NON-NATO COALITION FRCS (OCONUS),NON-NATO COALITN FRCS,NON-NATO COALITION FRCS MIL AND CIV,,OTHER,OTHER,NON-NATO FOR NATL,,NC,FLEX,NC,FLXO,YES,NO,NO,NO,YES,YES,
K82,1,VOL DONOR ORGAN/BLOOD NO CHARGE,VOL ORGAN/BLOOD DONOR,SECRETARY OF THE ARMY DESIGNEE,,OTHER,OTHER,OTHER,,NC,NC,NC,NC,YES,NO,NO,NO,NO,YES,
K82,2,VOL SUBJECT RESEARCH PROJECT,VOL RESEARCH SUBJECT,SECRETARY OF THE ARMY DESIGNEE,,OTHER,OTHER,OTHER,,NC,NC,NC,NC,YES,NO,NO,NO,NO,YES,
K82,3,ARMY SECT DESIGNEE (NO PAY),ARMY SEC DES (NO PAY),SECRETARY OF THE ARMY DESIGNEE,,OTHER,OTHER,OTHER,,NC,NC,NC,NC,YES,NO,NO,NO,NO,YES,
K82,4,ARMY SECT DESIGNEE (SR PAY),ARMY SEC DES (SR),SECRETARY OF THE ARMY DESIGNEE,,OTHER,OTHER,OTHER,,SR,NC,NC,NC,YES,NO,NO,NO,NO,YES,
K82,5,ARMY SECT DESIGNEE (FRR PAY),ARMY SEC DES (FRR),SECRETARY OF THE ARMY DESIGNEE,,OTHER,OTHER,OTHER,,FRR,NC,FOR,NC,YES,NO,NO,NO,NO,YES,
K82,6,ARMY SECT DESIGNEE (FMR PAY),ARMY SEC DES (FMR),SECRETARY OF THE ARMY DESIGNEE,,OTHER,OTHER,OTHER,,FMR,NC,NC,NC,YES,NO,NO,NO,NO,YES,
K82,7,ARMY SECT DESIGNEE (ISR),ARMY SEC DES (ISR),SECRETARY OF THE ARMY DESIGNEE,,OTHER,OTHER,OTHER,,FRR,NC,FOR,NC,YES,NO,NO,NO,NO,YES,
K82,8,ARMY SECT DESIGNEE (IAR PAY),ARMY SEC DES (IAR),SECRETARY OF THE ARMY DESIGNEE,,OTHER,OTHER,OTHER,,IAR,NC,IOR,NC,YES,NO,NO,NO,NO,YES,
K82,9,US CIVILIAN CLAIMANT ARMY,US CIV CLAIM ARMY,SECRETARY OF THE ARMY DESIGNEE,,OTHER,OTHER,OTHER,,NC,NC,NC,NC,YES,NO,YES,NO,NO,YES,
K83,1,US CIV CLAIMANT NAVY,US CIV CLAIM NAVY,SECRETARY OF THE NAVY DESIGNEE,,OTHER,OTHER,OTHER,,NC,NC,NC,NC,YES,NO,NO,NO,NO,YES,
K83,2,NAVY SECT DESIGNEE (NO PAY),NAVY SEC DES (NO PAY),SECRETARY OF THE NAVY DESIGNEE,,OTHER,OTHER,OTHER,,NC,NC,NC,NC,YES,NO,NO,NO,NO,YES,
K83,3,NAVY SECT DESIGNEE (SR PAY),NAVY SEC DES (SR),SECRETARY OF THE NAVY DESIGNEE,,OTHER,OTHER,OTHER,,SR,NC,NC,NC,YES,NO,NO,NO,NO,YES,
K83,4,NAVY SECT DESIGNEE (FRR PAY),NAVY SEC DES (FRR),SECRETARY OF THE NAVY DESIGNEE,,OTHER,OTHER,OTHER,,FRR,NC,FOR,NC,YES,NO,NO,NO,NO,YES,
K83,5,NAVY SECT DESIGNEE (FMR PAY),NAVY SEC DES (FMR),SECRETARY OF THE NAVY DESIGNEE,,OTHER,OTHER,OTHER,,FMR,NC,NC,NC,YES,NO,NO,NO,NO,YES,
K83,6,NAVY SECT DESIGNEE (IAR PAY),NAVY SEC DES (IAR),SECRETARY OF THE NAVY DESIGNEE,,OTHER,OTHER,OTHER,,IAR,NC,IOR,NC,YES,NO,NO,NO,NO,YES,
K84,1,US CIV CLAIMANT AIR FORCE,US CIV CLAIM AF,SECRETARY OF THE AF DESIGNEE,,OTHER,OTHER,OTHER,,NC,NC,NC,NC,YES,NO,NO,NO,NO,YES,
K84,2,AIR FORCE SECT DESIGNEE (NO PAY),AF SEC DES (NO PAY),SECRETARY OF THE AF DESIGNEE,,OTHER,OTHER,OTHER,,NC,NC,NC,NC,YES,NO,NO,NO,NO,YES,
K84,3,AIR FORCE SECT DESIGNEE (SR PAY),AF SEC DES (SR),SECRETARY OF THE AF DESIGNEE,,OTHER,OTHER,OTHER,,SR,NC,NC,NC,YES,NO,NO,NO,NO,YES,
K84,4,AIR FORCE SECT DESIGNEE (FRR PAY),AF SEC DES (FRR),SECRETARY OF THE AF DESIGNEE,,OTHER,OTHER,OTHER,,FRR,NC,FOR,NC,YES,NO,NO,NO,NO,YES,
K84,5,AIR FORCE SECT DESIGNEE (FMR PAY),AF SEC DES (FMR),SECRETARY OF THE AF DESIGNEE,,OTHER,OTHER,OTHER,,FMR,NC,NC,NC,YES,NO,NO,NO,NO,YES,
K84,6,AIR FORCE SECT DESIGNEE (IAR PAY),AF SEC DES (IAR),SECRETARY OF THE AF DESIGNEE,,OTHER,OTHER,OTHER,,IAR,NC,IOR,NC,YES,NO,NO,NO,NO,YES,
K91,1,CIVILIAN - HUMANITARIAN,CIV HUM,CIVILIAN HUMANITARIAN,,OTHER,OTHER,CIVILIAN EMERGENCY,,NC,NC,NC,NC,YES,NO,YES,NO,NO,YES,
K91,2,CIVILIAN - DISASTER (FEMA REFERRED),CIV DISASTER-FEMA REF,CIVILIAN HUMANITARIAN,DD7/DD7A,OTHER,OTHER,CIVILIAN EMERGENCY,,NC,FLEX,NC,FLXO,YES,NO,YES,NO,NO,YES,
K91,3,REFUGEE,REFUGEE,REFUGEE,,OTHER,OTHER,CIVILIAN EMERGENCY,,NC,NC,NC,NC,YES,NO,YES,NO,NO,YES,
K92,A,CIVILIAN EMERGENCY CARE,CIVILIAN EMERGENCY,EMERGENCY CARE,,OTHER,OTHER,CIVILIAN EMERGENCY,,FRR,NC,FOR,NC,YES,NO,YES,NO,NO,YES,
K92,B,USFHP ENROLLEE,USFHP ENROLLEE,EMERGENCY CARE,,OTHER,OTHER,CIVILIAN EMERGENCY,,FRR,NC,FOR,NC,YES,NO,YES,NO,NO,YES,
K93,,MEDICARE - CIVILIAN EMERGENCY,MEDICARE,EMERGENCY CARE,,OTHER,OTHER,CIVILIAN EMERGENCY,,FRR,NC,FRR,NC,YES,NO,YES,NO,NO,YES,
K94,,MEDICAID - CIVILIAN EMERGENCY,STATE MEDICAID PATNT,EMERGENCY CARE,,OTHER,OTHER,CIVILIAN EMERGENCY,,FRR,NC,FOR,NC,YES,NO,YES,NO,NO,YES,
K95,,STATE CHILDREN'S HLTH INS PROGRAM,STATE CHIP,EMERGENCY CARE,,OTHER,OTHER,CIVILIAN EMERGENCY,,FRR,NC,FOR,NC,YES,NO,YES,NO,NO,YES,
K99,B,PATIENT NOT ELSEWHERE CLASSIFIED,PATIENT NEC,PATIENT NOT ELSEWHERE CLASSIFIED,,OTHER,OTHER,CIVILIAN EMERGENCY,,FRR,NC,FOR,NC,YES,NO,NO,NO,NO,YES,
K99,C,MASS CASUALTY PATIENT,MASS CAL PATIENT,MASS CASUALTY PATIENT,,OTHER,OTHER,CIVILIAN EMERGENCY,,FRR,NC,FOR,NC,YES,NO,YES,NO,NO,YES,
M00,,USMC DECEASED SPONSOR,USMC DEC SPONSOR,USMC DECEASED SPONSOR,,OTHER,OTHER,ACTIVE DUTY,,NC,NC,NC,NC,YES,NO,NO,YES,NO,NO,
M11,,USMC ACTIVE DUTY,USMC AD,USMC ACTIVE DUTY,,ACTIVE DUTY,ACTIVE DUTY,ACTIVE DUTY,,NC,NC,NC,NC,YES,NO,NO,NO,NO,NO,K61 1~K61 2~M24 ~M27 1 ~M27 2 ~M31 1~M31 2~M32 1~M32 2~M33 1~M33 2
M12,A,USMC AD RES,USMC AD RES,USMC AD RES,,ACTIVE DUTY,ACTIVE DUTY,ACTIVE DUTY,,NC,NC,NC,NC,YES,NO,NO,NO,NO,NO,K61 1~K61 2~M12 B~M24 ~M27 1 ~M27 2 ~M31 1~M31 2~M32 1~M32 2~M33 1~M33 2
M12,B,"USMC RES-30 DAYS OR LESS,NOT IN LOD","USMC RES <30, NOT LOD",USMC AD RES,,ACTIVE DUTY,ACTIVE DUTY,ACTIVE DUTY,,FRR,NC,FOR,NC,YES,NO,NO,NO,NO,NO,
M13,,USMC AD RECRUIT,USMC AD RECRUIT,USMC AD RECRUIT,,ACTIVE DUTY,ACTIVE DUTY,ACTIVE DUTY,,NC,NC,NC,NC,YES,NO,NO,NO,NO,NO,M27 1 ~M27 2 ~M31 2~M32 2~M33 2
M22,A,USMC RES INACT DUTY TRG,USMC RES INACT,USMC RES INACT DUTY TRG,,ACTIVE DUTY,ACTIVE DUTY,ACTIVE DUTY,,NC,NC,NC,NC,YES,NO,NO,NO,NO,NO,K61 1~K61 2~M11 ~M12 A~M22 B~M31 1~M31 2~M32 1~M32 2~M33 1~M33 2
M22,B,USMC RES INACT DTY TRG - NOT IN LOD,USMC RES INAC NOT LOD,USMC RES INACT DUTY TRG,,ACTIVE DUTY,ACTIVE DUTY,ACTIVE DUTY,,FRR,NC,FOR,NC,YES,NO,NO,NO,NO,NO,
M24,,USMC FRM AD-TAMP,USMC FRM AD-TAMP,USMC FRM AD-TRANS ASSIST MGMT PRGM,,OTHER,OTHER,ACTIVE DUTY,RETIRED,FMR,NC,NC,NC,YES,NO,NO,NO,NO,NO,
M25,,USMC FAM MBR FAD-TAMP,USMC FAM MBR FAD-TAMP,USMC FAM MBR FAD-TRANS ASSIST MGMT PGRM,,OTHER,OTHER,DEPENDENT/RETIREE,FAM MBR OF RETIRED,FMR,NC,NC,NC,NO,YES,NO,NO,NO,NO,
M26,,USMC APPLICANT/REGISTRANT,USMC APPLICANT,USMC APPLICANT/REGISTRANT,,OTHER,OTHER,ACTIVE DUTY,,NC,NC,NC,NC,YES,NO,NO,NO,NO,YES,
M27,1,USMC FRM MEMBER-MATERNITY CARE,USMC FRM MBR-MTRNTY,USMC FRM MEMBER-MATERNITY CARE,,OTHER,OTHER,ACTIVE DUTY,,FMR,NC,NC,NC,YES,NO,NO,NO,NO,YES,
M27,2,USMC SP_FRM MBR-MATERNITY CARE,USMC SP_FRM MBR-MTRNT,USMC SP_FRM MBR-MATERNITY CARE,,OTHER,OTHER,DEPENDENT/RETIREE,,FMR,NC,NC,NC,NO,YES,NO,NO,NO,YES,
M28,1,USMC NEWBORN OF FRM SRVC MBR,USMC NB FRM MBR,USMC NEWBORN OF FRM SRVC MBR,,OTHER,OTHER,DEPENDENT/RETIREE,,FRR,NC,FOR,NC,NO,YES,NO,NO,NO,YES,
M28,2,USMC NB OF FRM SRVC MBR - SEC DES,USMC NB FRM MBR_SD,USMC NB OF FRM SRVC MBR - SEC DES,,OTHER,OTHER,DEPENDENT/RETIREE,,FMR,NC,NC,NC,NO,YES,NO,NO,NO,YES,
M29,1,USMC NEWBORN OF SPONSOR'S DAUGHTER,USMC NB SPON DAUGHTER,USMC NEWBORN OF SPONSOR'S DAUGHTER,DD139,OTHER,OTHER,CIVILIAN,,FRR,NC,FOR,NC,NO,YES,NO,NO,NO,YES,M25 ~M41 ~M43 ~M45 ~M47 
M29,2,USMC NB OF SPON DAUGHTER - SEC DES,USMC NB SPON DTR_SD,USMC NB OF SPON DAUGHTER - SEC DES,DD139,OTHER,OTHER,CIVILIAN,,FMR,NC,NC,NC,NO,YES,NO,NO,NO,YES,M25 ~M41 ~M43 ~M45 ~M47 
M30,1,USMC NB OF SPOUSE OF FMR SRVC MBR,USMC NB_SP FMR MBR,USMC NEWBORN OF SPOUSE OF FMR SRVC MBR,,OTHER,OTHER,DEPENDENT/RETIREE,,FRR,NC,FOR,NC,NO,YES,NO,NO,NO,YES,
M30,2,USMC NB OF SP FMR SRVC MBR_SEC DES,USMC NB_SP FMR MBR_SD,USMC NB OF SP FMR SRVC MBR _SEC DES,,OTHER,OTHER,DEPENDENT/RETIREE,,FMR,NC,NC,NC,NO,YES,NO,NO,NO,YES,
M31,1,USMC RET LOS OFFICER,USMC RET LOS (OFF),USMC RET LOS,,RETIRED,RETIRED,DEPENDENT/RETIREE,RETIRED,NC,NC,NC,NC,YES,NO,NO,NO,NO,NO,
M31,2,USMC RET LOS ENLISTED,USMC RET LOS (ENL),USMC RET LOS,,RETIRED,RETIRED,DEPENDENT/RETIREE,RETIRED,NC,NC,NC,NC,YES,NO,NO,NO,NO,NO,
M32,1,USMC RET PDRL OFFICER,USMC RET PDRL (OFF),USMC RET PDRL,,RETIRED,RETIRED,DEPENDENT/RETIREE,RETIRED,NC,NC,NC,NC,YES,NO,NO,NO,NO,NO,
M32,2,USMC RET PDRL ENLISTED,USMC RET PDRL (ENL),USMC RET PDRL,,RETIRED,RETIRED,DEPENDENT/RETIREE,RETIRED,NC,NC,NC,NC,YES,NO,NO,NO,NO,NO,
M33,1,USMC RET TDRL OFFICER,USMC RET TDRL (OFF),USMC RET TDRL,,RETIRED,RETIRED,DEPENDENT/RETIREE,RETIRED,NC,NC,NC,NC,YES,NO,NO,NO,NO,NO,M11 ~M12 A~M12 B~M22 A~M22 B~M32 1
M33,2,USMC RET TDRL ENLISTED,USMC RET TDRL (ENL),USMC RET TDRL,,RETIRED,RETIRED,DEPENDENT/RETIREE,RETIRED,NC,NC,NC,NC,YES,NO,NO,NO,NO,NO,M11 ~M12 A~M12 B~M22 A~M22 B~M32 2
M36,,USMC TRICARE RES SEL/RET RES-MBR,USMC TRS/TRR-MEMBER,USMC TRICARE RES SELECT/RETIRED RES-MBR,,OTHER,OTHER,ACTIVE DUTY,RETIRED,FMR,NC,NC,NC,YES,NO,NO,NO,NO,NO,K61 1~K61 2~M12 A~M12 B~M27 1 ~M27 2 ~M31 2~M32 2~M33 2
M37,,USMC TRICARE RES SEL/RET RES-FM MBR,USMC TRS/TRR-FAM MBR,USMC TRICARE RES SELECT/RET RES FAM MBR,,OTHER,OTHER,DEPENDENT/RETIREE,FAM MBR OF RETIRED,FMR,NC,NC,NC,NO,YES,NO,NO,NO,NO,M41 ~M43 ~M45 ~M47 
M41,,USMC FAM MBR AD,USMC FAM MBR AD,USMC FAM MBR AD,DD139,FAM MBR OF ACTIVE DUTY,FAMILY MEMBER,DEPENDENT/RETIREE,FAM MBR OF ACTIVE DUTY,FMR,NC,NC,NC,NO,YES,NO,NO,NO,NO,K82 1~K82 2~K83 1~K83 2~K83 3~K83 4~K83 5~K83 6~K91 1~M25 
M43,,USMC FAM MBR RET,USMC FAM MBR RET,USMC FAM MBR RET,DD139,FAM MBR OF RETIRED,FAMILY MEMBER,DEPENDENT/RETIREE,FAM MBR OF RETIRED,FMR,NC,NC,NC,NO,YES,NO,NO,NO,NO,K82 1~K83 1~K83 2~K83 3~K83 4~K83 5~K83 6~K91 1
M44,,USMC FAM MBR TRANSITIONAL COMP,USMC FAM MBR TRNS CMP,USMC FAM MBR TRANS COMP,,OTHER,OTHER,OTHER,FAM MBR OF RETIRED,NC,NC,NC,NC,NO,YES,NO,NO,NO,NO,
M45,,USMC FAM MBR DECEASED AD,USMC FAM MBR DEC AD,USMC FAM MBR DECEASED AD,,FAM MBR OF RETIRED,FAMILY MEMBER,DEPENDENT/RETIREE,SURVIVOR,FMR,NC,NC,NC,NO,YES,NO,YES,NO,NO,K82 1~K82 2~K83 1~K83 2~K83 3~K83 4~K83 5~K83 6~K91 1
M47,,USMC FAM MBR DECEASED RETIRED,USMC FAM MBR DEC RET,USMC FAM MBR DECEASED RETIRED,,FAM MBR OF RETIRED,FAMILY MEMBER,DEPENDENT/RETIREE,SURVIVOR,FMR,NC,NC,NC,NO,YES,NO,YES,NO,NO,K82 1~K82 2~K83 1~K83 2~K83 3~K83 4~K83 5~K83 6~K91 1
M48,,USMC UNREMARRIED FRM SPOUSE,USMC FORMER SPOUSE,USMC UNREMARRIED FRM SPOUSE,,OTHER,OTHER,OTHER,FORMER SPOUSE,FMR,NC,NC,NC,YES,NO,NO,NO,NO,NO,K82 1~K82 2~K83 1~K83 2~K83 3~K83 4~K83 5~K83 6~K91 1
M49,,USMC FAM MBR UNREMAR FRM SPOUSE,USMC FAM MBR FRM SP,USMC FAM MBR UNREMAR FRM SPOUSE,,OTHER,OTHER,OTHER,FORMER SPOUSE,FMR,NC,NC,NC,YES,NO,NO,NO,NO,NO,K82 1~K82 2~K83 1~K83 2~K83 3~K83 4~K83 5~K83 6~K91 1
N00,,USN DECEASED SPONSOR,USN DEC SPONSOR,USN DECEASED SPONSOR,,OTHER,OTHER,ACTIVE DUTY,,NC,NC,NC,NC,YES,NO,NO,YES,NO,NO,
N11,,USN ACTIVE DUTY,USN AD,USN ACTIVE DUTY,,ACTIVE DUTY,ACTIVE DUTY,ACTIVE DUTY,,NC,NC,NC,NC,YES,NO,NO,NO,NO,NO,K61 1~K61 2~N24 ~N27 1 ~N27 2 ~N31 1~N31 2~N32 1~N32 2~N33 1~N33 2
N12,A,USN AD RES,USN AD RES,USN AD RES,,ACTIVE DUTY,ACTIVE DUTY,ACTIVE DUTY,,NC,NC,NC,NC,YES,NO,NO,NO,NO,NO,K61 1~K61 2~N12 B~N24 ~N27 1 ~N27 2 ~N31 1~N31 2~N32 1~N32 2~N33 1~N33 2
N12,B,"USN RES-30 DAYS OR LESS, NOT IN LOD","USN RES <30, NOT LOD",USN AD RES,,ACTIVE DUTY,ACTIVE DUTY,ACTIVE DUTY,,FRR,NC,FOR,NC,YES,NO,NO,NO,NO,NO,
N13,,USN AD RECRUIT,USN AD RECRUIT,USN AD RECRUIT,,ACTIVE DUTY,ACTIVE DUTY,ACTIVE DUTY,,NC,NC,NC,NC,YES,NO,NO,NO,NO,NO,N27 1 ~N27 2 ~N31 2~N32 2~N33 2
N14,,USN ACADEMY CADET,USN CADET,USN ACADEMY CADET,,ACTIVE DUTY,ACTIVE DUTY,ACTIVE DUTY,,NC,NC,NC,NC,YES,NO,NO,NO,NO,NO,K61 1~K61 2~K83 2~K83 3~K83 4~K83 5~K83 6~K91 1~N27 1 ~N27 2 
N21,,USN ROTC,USN ROTC,USN ROTC,,OTHER,OTHER,ACTIVE DUTY,,NC,NC,NC,NC,YES,NO,NO,NO,NO,NO,M11 ~N11 
N22,A,USN RES INACT DUTY TRG,USN RES INACT,USN RES INACT DUTY TRG,,ACTIVE DUTY,ACTIVE DUTY,ACTIVE DUTY,,NC,NC,NC,NC,YES,NO,NO,NO,NO,NO,K61 1~K61 2~N11 ~N12 A~N22 B~N31 1~N31 2~N32 1~N32 2~N33 1~N33 2
N22,B,USN RES INACT DUTY TRG - NOT IN LOD,USN RES INACT NOT LOD,USN RES INACT DUTY TRG,,ACTIVE DUTY,ACTIVE DUTY,ACTIVE DUTY,,FRR,NC,FOR,NC,YES,NO,NO,NO,NO,NO,
N24,,USN FRM AD-TAMP,USN FRM AD-TAMP,USN FRM AD-TRANS ASSIST MGMT PRGM,,OTHER,OTHER,ACTIVE DUTY,RETIRED,FMR,NC,NC,NC,YES,NO,NO,NO,NO,NO,
N25,,USN FAM MBR FAD-TAMP,USN FAM MBR FAD-TAMP,USN FAM MBR FAD-TRANS ASSIST MGMT PRGM,,OTHER,OTHER,DEPENDENT/RETIREE,FAM MBR OF RETIRED,FMR,NC,NC,NC,NO,YES,NO,NO,NO,NO,
N26,,USN APPLICANT/REGISTRANT,USN APPLICANT,USN APPLICANT/REGISTRANT,,OTHER,OTHER,ACTIVE DUTY,,NC,NC,NC,NC,YES,NO,NO,NO,NO,YES,
N27,1,USN FRM MEMBER-MATERNITY CARE,USN FRM MBR-MATERNITY,USN FRM MEMBER-MATERNITY CARE,,OTHER,OTHER,ACTIVE DUTY,,FMR,NC,NC,NC,YES,NO,NO,NO,NO,YES,
N27,2,USN SP_OF FRM MBR-MATERNITY CARE,USN SP_FRM MBR-MTRNTY,USN SP_FRM MBR-MATERNITY CARE,,OTHER,OTHER,DEPENDENT/RETIREE,,FMR,NC,NC,NC,NO,YES,NO,NO,NO,YES,
N28,1,USN NEWBORN OF FRM SRVC MBR,USN NB FRM MBR,USN NEWBORN OF FRM SERVICE MBR,,OTHER,OTHER,DEPENDENT/RETIREE,,FRR,NC,FOR,NC,NO,YES,NO,NO,NO,YES,
N28,2,USN NB OF FRM SRVC MBR_SEC DES,USN NB FRM MBR_SD,USN NEWBORN OF FRM SERVICE MBR - SEC DES,,OTHER,OTHER,DEPENDENT/RETIREE,,FMR,NC,NC,NC,NO,YES,NO,NO,NO,YES,
N29,1,USN NEWBORN OF SPONSOR'S DAUGHTER,USN NB SPON DAUGHTER,USN NEWBORN OF SPONSOR'S DAUGHTER,DD139,OTHER,OTHER,CIVILIAN,,FRR,NC,FOR,NC,NO,YES,NO,NO,NO,YES,N25 ~N41 ~N43 ~N45 ~N47 
N29,2,USN NB OF SPON DAUGHTER_SEC DES,USN NB SPON DTR_SD,USN NB OF SPONSOR'S DAUGHTER - SEC DES,DD139,OTHER,OTHER,CIVILIAN,,FMR,NC,NC,NC,NO,YES,NO,NO,NO,YES,N25 ~N41 ~N43 ~N45 ~N47 
N30,1,USN NB OF SPOUSE OF FMR SRVC MBR,USN NB_SP FMR MBR,USN NEWBORN OF SPOUSE OF FMR SRVC MBR,,OTHER,OTHER,DEPENDENT/RETIREE,,FRR,NC,FOR,NC,NO,YES,NO,NO,NO,YES,
N30,2,USN NB OF SP FMR SRVC MBR_SEC DES,USN NB_SP FMR MBR_SD,USN NB OF SP FMR SRVC MBR - SEC DES,,OTHER,OTHER,DEPENDENT/RETIREE,,FMR,NC,NC,NC,NO,YES,NO,NO,NO,YES,
N31,1,USN RET LOS OFFICER,USN RET LOS (OFF),USN RET LOS,,RETIRED,RETIRED,DEPENDENT/RETIREE,RETIRED,NC,NC,NC,NC,YES,NO,NO,NO,NO,NO,
N31,2,USN RET LOS ENLISTED,USN RET LOS (ENL),USN RET LOS,,RETIRED,RETIRED,DEPENDENT/RETIREE,RETIRED,NC,NC,NC,NC,YES,NO,NO,NO,NO,NO,
N32,1,USN RET PDRL OFFICER,USN RET PDRL (OFF),USN RET PDRL,,RETIRED,RETIRED,DEPENDENT/RETIREE,RETIRED,NC,NC,NC,NC,YES,NO,NO,NO,NO,NO,
N32,2,USN RET PDRL ENLISTED,USN RET PDRL (ENL),USN RET PDRL,,RETIRED,RETIRED,DEPENDENT/RETIREE,RETIRED,NC,NC,NC,NC,YES,NO,NO,NO,NO,NO,
N33,1,USN RET TDRL OFFICER,USN RET TDRL (OFF),USN RET TDRL,,RETIRED,RETIRED,DEPENDENT/RETIREE,RETIRED,NC,NC,NC,NC,YES,NO,NO,NO,NO,NO,N11 ~N12 A~N12 B~N22 A~N22 B~N32 1
N33,2,USN RET TDRL ENLISTED,USN RET TDRL (ENL),USN RET TDRL,,RETIRED,RETIRED,DEPENDENT/RETIREE,RETIRED,NC,NC,NC,NC,YES,NO,NO,NO,NO,NO,N11 ~N12 A~N12 B~N22 A~N22 B~N32 2
N36,,USN TRICARE RES SEL/RET RES-MBR,USN TRS/TRR-MEMBER,USN TRICARE RES SELECT/RETIRED RES-MBR,,OTHER,OTHER,ACTIVE DUTY,RETIRED,FMR,NC,NC,NC,YES,NO,NO,NO,NO,NO,K61 1~K61 2~N12 A~N12 B~N27 1 ~N27 2 ~N31 2~N32 2~N33 2
N37,,USN TRICARE RES SEL/RET RES-FAM MBR,USN TRS/TRR-FAM MBR,USN TRICARE RES SELECT/RET RES-FAM MBR,,OTHER,OTHER,DEPENDENT/RETIREE,FAM MBR OF RETIRED,FMR,NC,NC,NC,NO,YES,NO,NO,NO,NO,N41 ~N43 ~N45 ~N47 
N41,,USN FAM MBR AD,USN FAM MBR AD,USN FAM MBR AD,DD139,FAM MBR OF ACTIVE DUTY,FAMILY MEMBER,DEPENDENT/RETIREE,FAM MBR OF ACTIVE DUTY,FMR,NC,NC,NC,NO,YES,NO,NO,NO,NO,K82 1~K82 2~K83 1~K83 2~K83 3~K83 4~K83 5~K83 6~K91 1~N25 
N43,,USN FAM MBR RET,USN FAM MBR RET,USN FAM MBR RET,DD139,FAM MBR OF RETIRED,FAMILY MEMBER,DEPENDENT/RETIREE,FAM MBR OF RETIRED,FMR,NC,NC,NC,NO,YES,NO,NO,NO,NO,K82 1~K82 2~K83 1~K83 2~K83 3~K83 4~K83 5~K83 6~K91 1
N44,,USN FAM MBR TRANSITIONAL COMP,USN FAM MBR TRANS CMP,USN FAM MBR TRANS COMP,,OTHER,OTHER,OTHER,FAM MBR OF RETIRED,NC,NC,NC,NC,NO,YES,NO,NO,NO,NO,
N45,,USN FAM MBR DECEASED AD,USN FAM MBR DEC AD,USN FAM MBR DECEASED AD,,FAM MBR OF RETIRED,FAMILY MEMBER,DEPENDENT/RETIREE,SURVIVOR,FMR,NC,NC,NC,NO,YES,NO,YES,NO,NO,K82 1~K82 2~K83 1~K83 2~K83 3~K83 4~K83 5~K83 6~K91 1
N47,,USN FAM MBR DECEASED RETIRED,USN FAM MBR DEC RET,USN FAM MBR DECEASED RETIRED,,FAM MBR OF RETIRED,FAMILY MEMBER,DEPENDENT/RETIREE,SURVIVOR,FMR,NC,NC,NC,NO,YES,NO,YES,NO,NO,K82 1~K82 2~K83 1~K83 2~K83 3~K83 4~K83 5~K83 6~K91 1
N48,,USN UNREMARRIED FRM SPOUSE,USN FORMER SPOUSE,USN UNREMARRIED FRM SPOUSE,,OTHER,OTHER,OTHER,FORMER SPOUSE,FMR,NC,NC,NC,YES,NO,NO,NO,NO,NO,K82 1~K82 2~K83 1~K83 2~K83 3~K83 4~K83 5~K83 6~K91 1
N49,,USN FAM MBR UNREMAR FRM SPOUSE,USN FAM MBR FRM SP,USN FAM MBR UNREMAR FRM SPOUSE,,OTHER,OTHER,OTHER,FORMER SPOUSE,FMR,NC,NC,NC,YES,NO,NO,NO,NO,NO,K82 1~K82 2~K83 1~K83 2~K83 3~K83 4~K83 5~K83 6~K91 1
P00,,USPHS DECEASED SPONSOR,USPHS DEC SPONSOR,USPHS DECEASED SPONSOR,,OTHER,OTHER,ACTIVE DUTY,,NC,NC,NC,NC,YES,NO,NO,YES,NO,NO,
P11,,USPHS ACTIVE DUTY,USPHS AD,USPHS ACTIVE DUTY,DD7/DD7A,ACTIVE DUTY,ACTIVE DUTY,ACTIVE DUTY,,NC,IAR,NC,IOR,YES,NO,NO,NO,NO,NO,P27 1 ~P27 2 ~P31 ~P32 ~P33 
P12,,USPHS AD RES,USPHS AD RES,USPHS AD RES,DD7/DD7A,ACTIVE DUTY,ACTIVE DUTY,ACTIVE DUTY,,NC,IAR,NC,IOR,YES,NO,NO,NO,NO,NO,
P22,,USPHS RES INACT DUTY TRG,USPHS RES INACT,USPHS RES INACT DUTY TRG,DD7/DD7A,ACTIVE DUTY,ACTIVE DUTY,ACTIVE DUTY,,NC,IAR,NC,IOR,YES,NO,NO,NO,NO,NO,
P26,,USPHS APPLICANT/REGISTRANT,USPHS APPLICANT,USPHS APPLICANT/REGISTRANT,DD7/DD7A,OTHER,OTHER,ACTIVE DUTY,,NC,IAR,NC,IOR,YES,NO,NO,NO,NO,YES,
P27,1,USPHS FRM MEMBER-MATERNITY CARE,USPHS FRM MBR-MTRNTY,USPHS FRM MBR-MATERNITY CARE,,OTHER,OTHER,ACTIVE DUTY,,FMR,NC,NC,NC,YES,NO,NO,NO,NO,YES,
P27,2,USPHS SP_FRM MBR-MATERNITY CARE,USPHS SP_FRM MBR-MTRN,USPHS SP_FRM MBR-MATERNITY CARE,,OTHER,OTHER,DEPENDENT/RETIREE,,FMR,NC,NC,NC,NO,YES,NO,NO,NO,YES,
P28,1,USPHS NEWBORN OF FRM SRVC MBR,USPHS NB FRM MBR,USPHS NEWBORN OF FRM SRVC MBR,,OTHER,OTHER,DEPENDENT/RETIREE,,FRR,NC,FOR,NC,NO,YES,NO,NO,NO,YES,
P28,2,USPHS NB OF FRM SRVC MBR - SEC DES,USPHS NB FRM MBR_SD,USPHS NB OF FRM SRVC MBR - SEC DES,,OTHER,OTHER,DEPENDENT/RETIREE,,FMR,NC,NC,NC,NO,YES,NO,NO,NO,YES,
P29,1,USPHS NEWBORN OF SPONSOR'S DAUGHTER,USPHS NB SPON DTR,USPHS NEWBORN OF SPONSOR'S DAUGHTER,DD139,OTHER,OTHER,CIVILIAN,,FRR,NC,FOR,NC,NO,YES,NO,NO,NO,YES,P41 ~P43 ~P45 ~P47 
P29,2,USPHS NB OF SPON DAUGHTER_SEC DES,USPHS NB SPON DTR_SD,USPHS NEWBORN OF SPON DAUGHTER_SEC DES,DD139,OTHER,OTHER,CIVILIAN,,FMR,NC,NC,NC,NO,YES,NO,NO,NO,YES,P41 ~P43 ~P45 ~P47 
P30,1,USPHS NB OF SPOUSE OF FMR SRVC MBR,USPHS NB_SP FMR MBR,USPHS NB OF SPOUSE OF FMR SRVC MBR,,OTHER,OTHER,DEPENDENT/RETIREE,,FRR,NC,FOR,NC,NO,YES,NO,NO,NO,YES,
P30,2,USPHS NB OF SP FMR SRVC MBR_SEC DES,USPHS NB_SP FMRMBR_SD,USPHS NB OF SP FMR SRVC MBR - SEC DES,,OTHER,OTHER,DEPENDENT/RETIREE,,FMR,NC,NC,NC,NO,YES,NO,NO,NO,YES,
P31,,USPHS RET LOS,USPHS RET LOS,USPHS RET LOS,DD7/DD7A,RETIRED,RETIRED,DEPENDENT/RETIREE,RETIRED,NC,IAR,NC,IOR,YES,NO,NO,NO,NO,NO,
P32,,USPHS RET PDRL,USPHS RET PDRL,USPHS RET PDRL,DD7/DD7A,RETIRED,RETIRED,DEPENDENT/RETIREE,RETIRED,NC,IAR,NC,IOR,YES,NO,NO,NO,NO,NO,
P33,,USPHS RET TDRL,USPHS RET TDRL,USPHS RET TDRL,DD7/DD7A,RETIRED,RETIRED,DEPENDENT/RETIREE,RETIRED,NC,IAR,NC,IOR,YES,NO,NO,NO,NO,NO,C11 ~C12 ~C22 ~C32 
P41,,USPHS FAM MBR AD,USPHS FAM MBR AD,USPHS FAM MBR AD,DD7/DD7A,FAM MBR OF ACTIVE DUTY,FAMILY MEMBER,DEPENDENT/RETIREE,FAM MBR OF ACTIVE DUTY,NC,IAR,NC,IOR,NO,YES,NO,NO,NO,NO,
P43,,USPHS FAM MBR RET,USPHS FAM MBR RET,USPHS FAM MBR RET,DD7/DD7A,FAM MBR OF RETIRED,FAMILY MEMBER,DEPENDENT/RETIREE,FAM MBR OF RETIRED,NC,IAR,NC,IOR,NO,YES,NO,NO,NO,NO,
P44,,USPHS FAM MBR TRANSITIONAL COMP,USPHS FAM MBR TRN CMP,USPHS FAM MBR TRANS COMP,,OTHER,OTHER,OTHER,FAM MBR OF RETIRED,NC,NC,NC,NC,NO,YES,NO,NO,NO,NO,
P45,,USPHS FAM MBR DECEASED AD,USPHS FAM MBR DEC AD,USPHS FAM MBR DECEASED AD,DD7/DD7A,FAM MBR OF RETIRED,FAMILY MEMBER,DEPENDENT/RETIREE,SURVIVOR,NC,IAR,NC,IOR,NO,YES,NO,YES,NO,NO,
P47,,USPHS FAM MBR DECEASED RETIRED,USPHS FAM MBR DEC RET,USPHS FAM MBR DECEASED RETIRED,DD7/DD7A,FAM MBR OF RETIRED,FAMILY MEMBER,DEPENDENT/RETIREE,SURVIVOR,NC,IAR,NC,IOR,NO,YES,NO,YES,NO,NO,
P48,,USPHS UNREMARRIED FRM SPOUSE,USPHS FORMER SPOUSE,USPHS UNREMARRIED FRM SPOUSE,DD7/DD7A,OTHER,OTHER,OTHER,FORMER SPOUSE,NC,IAR,NC,IOR,YES,NO,NO,NO,NO,NO,
P49,,USPHS FAM MBR UNREMAR FRM SPOUSE,USPHS FAM MBR FRM SP,USPHS FAM MBR UNREMAR FRM SPOUSE,DD7/DD7A,OTHER,OTHER,OTHER,FORMER SPOUSE,NC,IAR,NC,IOR,YES,NO,NO,NO,NO,NO,
R72,1,NATO RECIP AGREE - SR,NATO REC AGRMT_SR,NATO RECIP AGREE_SR,,ACTIVE DUTY,ACTIVE DUTY,NATO FOR NATL,,SR,NC,NC,NC,YES,NO,NO,NO,NO,YES,
R72,2,NATO RECIP AGREE - FLEX,NATO REC AGRMT_FLEX,NATO RECIP AGREE_FLEX,,ACTIVE DUTY,ACTIVE DUTY,NATO FOR NATL,,FLEX,NC,FLXO,NC,YES,NO,NO,NO,NO,YES,
R73,1,NATO RECIP AGREE - FAM MBR - FMR,NATO REC FAM MBR_FMR,NATO RECIP AGREE - FAM MBR_FMR,,OTHER,OTHER,NATO FOR NATL,,FMR,NC,NC,NC,NO,YES,NO,NO,NO,YES,
R73,2,NATO RECIP AGREE - FAM MBR - FLEX,NATO REC FAM MBR_FLEX,NATO RECIP AGREE - FAM MBR_FLEX,,OTHER,OTHER,NATO FOR NATL,,FLEX,NC,FLXO,NC,NO,YES,NO,NO,NO,YES,
R74,,NON-NATO RECIP AGREE,NON-NATO REC AGRMT,NON-NATO RECIP AGREE,,ACTIVE DUTY,ACTIVE DUTY,NON-NATO FOR NATL,,SR,NC,NC,NC,YES,NO,NO,NO,NO,YES,
R75,,NON-NATO RECIP AGREE - FAM MBR,NON-NATO REC AGRMT,NON-NATO RECIP AGREE - FAM MBR,,OTHER,OTHER,NON-NATO FOR NATL,,FMR,NC,NC,NC,YES,NO,NO,NO,NO,YES,